acc,gene
P04217,A1BG
Q9NQ94,A1CF
P01023,A2M
A8K2U0,A2ML1
U3KPV4,A3GALT2
Q9NPC4,A4GALT
Q9UNA3,A4GNT
Q9NRG9,AAAS
Q86V21,AACS
P22760,AADAC
Q6P093,AADACL2
Q5VUY0,AADACL3
Q5VUY2,AADACL4
Q8N5Z0,AADAT
Q6PD74,AAGAB
Q2M2I8,AAK1
Q9H7C9,AAMDC
Q13685,AAMP
Q16613,AANAT
Q9Y312,AAR2
Q4LEZ3,AARD
P49588,AARS1
Q5JTZ9,AARS2
Q9BTE6,AARSD1
Q4L235,AASDH
Q9NRN7,AASDHPPT
Q9UDR5,AASS
Q9NY61,AATF
Q6ZMQ8,AATK
P80404,ABAT
O95477,ABCA1
Q8WWZ4,ABCA10
Q4W5N1,ABCA11P
Q86UK0,ABCA12
Q86UQ4,ABCA13
Q9BZC7,ABCA2
Q99758,ABCA3
P78363,ABCA4
Q8WWZ7,ABCA5
Q8N139,ABCA6
Q8IZY2,ABCA7
O94911,ABCA8
Q8IUA7,ABCA9
P08183,ABCB1
Q9NRK6,ABCB10
O95342,ABCB11
P21439,ABCB4
Q2M3G0,ABCB5
Q9NP58,ABCB6
O75027,ABCB7
Q9NUT2,ABCB8
Q9NP78,ABCB9
P33527,ABCC1
Q5T3U5,ABCC10
Q96J66,ABCC11
Q96J65,ABCC12
Q92887,ABCC2
O15438,ABCC3
O15439,ABCC4
O15440,ABCC5
O95255,ABCC6
Q09428,ABCC8
O60706,ABCC9
P33897,ABCD1
Q9UBJ2,ABCD2
P28288,ABCD3
O14678,ABCD4
P61221,ABCE1
Q8NE71,ABCF1
Q9UG63,ABCF2
Q9NUQ8,ABCF3
P45844,ABCG1
Q9UNQ0,ABCG2
Q9H172,ABCG4
Q9H222,ABCG5
Q9H221,ABCG8
Q96SE0,ABHD1
Q9NUJ1,ABHD10
Q8NFV4,ABHD11
Q8N2K0,ABHD12
Q7Z5M8,ABHD12B
Q7L211,ABHD13
Q9BUJ0,ABHD14A
Q96IU4,ABHD14B
Q6UXT9,ABHD15
O95870,ABHD16A
Q9H3Z7,ABHD16B
Q96GS6,ABHD17A
Q5VST6,ABHD17B
Q6PCB6,ABHD17C
Q0P651,ABHD18
P08910,ABHD2
Q8WU67,ABHD3
Q8TB40,ABHD4
Q8WTS1,ABHD5
Q9BV23,ABHD6
Q96I13,ABHD8
Q8IZP0,ABI1
Q9NYB9,ABI2
Q9P2A4,ABI3
Q7Z7G0,ABI3BP
Q9NX38,ABITRAM
P00519,ABL1
P42684,ABL2
O14639,ABLIM1
Q6H8Q1,ABLIM2
O94929,ABLIM3
P16442,ABO
Q12979,ABR
Q8N0Z2,ABRA
Q9P1F3,ABRACL
Q6UWZ7,ABRAXAS1
Q15018,ABRAXAS2
Q9ULW3,ABT1
Q969K4,ABTB1
Q8N961,ABTB2
P09110,ACAA1
P42765,ACAA2
Q13085,ACACA
O00763,ACACB
Q6JQN1,ACAD10
Q709F0,ACAD11
Q9UKU7,ACAD8
Q9H845,ACAD9
P28330,ACADL
P11310,ACADM
P16219,ACADS
P45954,ACADSB
P49748,ACADVL
P16112,ACAN
Q15027,ACAP1
Q15057,ACAP2
Q96P50,ACAP3
P24752,ACAT1
Q9BWD1,ACAT2
Q9H3P7,ACBD3
Q8NC06,ACBD4
Q5T8D3,ACBD5
Q9BR61,ACBD6
Q8N6N7,ACBD7
Q96QU6,ACCS
Q4AC99,ACCSL
Q96AP0,ACD
P12821,ACE
Q9BYF1,ACE2
Q8TDN7,ACER1
Q5QJU3,ACER2
Q9NUN7,ACER3
P22303,ACHE
Q9UKV3,ACIN1
Q16570,ACKR1
O00590,ACKR2
P25106,ACKR3
Q9NPB9,ACKR4
P53396,ACLY
Q8TDX5,ACMSD
P21399,ACO1
Q99798,ACO2
A6NK06,ACOD1
Q86TX2,ACOT1
Q8WXI4,ACOT11
Q8WYK0,ACOT12
Q9NPJ3,ACOT13
P49753,ACOT2
Q8N9L9,ACOT4
Q3I5F7,ACOT6
O00154,ACOT7
Q6ZUV0,ACOT7L
O14734,ACOT8
Q9Y305,ACOT9
Q15067,ACOX1
Q99424,ACOX2
O15254,ACOX3
Q9NUZ1,ACOXL
P24666,ACP1
P11117,ACP2
P15309,ACP3
Q9BZG2,ACP4
P13686,ACP5
Q9NPH0,ACP6
Q6ZNF0,ACP7
P10323,ACR
Q8NEB7,ACRBP
P26436,ACRV1
Q96GR2,ACSBG1
Q5FVE4,ACSBG2
Q96CM8,ACSF2
Q4G176,ACSF3
P33121,ACSL1
O95573,ACSL3
O60488,ACSL4
Q9ULC5,ACSL5
Q9UKU0,ACSL6
Q08AH1,ACSM1
Q08AH3,ACSM2A
Q68CK6,ACSM2B
Q53FZ2,ACSM3
P0C7M7,ACSM4
Q6NUN0,ACSM5
Q6P461,ACSM6
Q9NUB1,ACSS1
Q9NR19,ACSS2
Q9H6R3,ACSS3
P68133,ACTA1
P62736,ACTA2
P60709,ACTB
Q562R1,ACTBL2
P68032,ACTC1
P63261,ACTG1
P63267,ACTG2
Q5JWF8,ACTL10
O96019,ACTL6A
O94805,ACTL6B
Q9Y615,ACTL7A
Q9Y614,ACTL7B
Q9H568,ACTL8
Q8TC94,ACTL9
P12814,ACTN1
P35609,ACTN2
Q08043,ACTN3
O43707,ACTN4
Q9NZ32,ACTR10
P61163,ACTR1A
P42025,ACTR1B
P61160,ACTR2
P61158,ACTR3
Q9P1U1,ACTR3B
Q9C0K3,ACTR3C
Q9H9F9,ACTR5
Q9GZN1,ACTR6
Q9H981,ACTR8
Q8TDG2,ACTRT1
Q8TDY3,ACTRT2
Q9BYD9,ACTRT3
Q04771,ACVR1
P36896,ACVR1B
Q8NER5,ACVR1C
P27037,ACVR2A
Q13705,ACVR2B
P37023,ACVRL1
Q03154,ACY1
Q96HD9,ACY3
P07311,ACYP1
P14621,ACYP2
P00813,ADA
Q9NZK5,ADA2
Q96M93,ADAD1
Q8NCV1,ADAD2
Q6DHV7,ADAL
O14672,ADAM10
O75078,ADAM11
O43184,ADAM12
Q13444,ADAM15
P78536,ADAM17
Q9Y3Q7,ADAM18
Q9H013,ADAM19
Q99965,ADAM2
O43506,ADAM20
Q9UKJ8,ADAM21
Q9P0K1,ADAM22
O75077,ADAM23
Q9UKQ2,ADAM28
Q9UKF5,ADAM29
Q9UKF2,ADAM30
Q8TC27,ADAM32
Q9BZ11,ADAM33
Q6NVV9,ADAM5
Q9H2U9,ADAM7
P78325,ADAM8
Q13443,ADAM9
O15204,ADAMDEC1
Q9UHI8,ADAMTS1
Q9H324,ADAMTS10
P58397,ADAMTS12
Q76LX8,ADAMTS13
Q8WXS8,ADAMTS14
Q8TE58,ADAMTS15
Q8TE57,ADAMTS16
Q8TE56,ADAMTS17
Q8TE60,ADAMTS18
Q8TE59,ADAMTS19
O95450,ADAMTS2
P59510,ADAMTS20
O15072,ADAMTS3
O75173,ADAMTS4
Q9UNA0,ADAMTS5
Q9UKP5,ADAMTS6
Q9UKP4,ADAMTS7
Q9UP79,ADAMTS8
Q9P2N4,ADAMTS9
Q8N6G6,ADAMTSL1
Q86TH1,ADAMTSL2
P82987,ADAMTSL3
Q6UY14,ADAMTSL4
Q5T5F5,ADAMTSL4-AS1
Q6ZMM2,ADAMTSL5
O75689,ADAP1
Q9NPF8,ADAP2
P55265,ADAR
P78563,ADARB1
Q9NS39,ADARB2
A8MUL3,ADARB2-AS1
Q9BUB4,ADAT1
Q7Z6V5,ADAT2
Q96EY9,ADAT3
Q86TW2,ADCK1
Q7Z695,ADCK2
Q3MIX3,ADCK5
Q08828,ADCY1
Q96PN6,ADCY10
Q08462,ADCY2
O60266,ADCY3
Q8NFM4,ADCY4
O95622,ADCY5
O43306,ADCY6
P51828,ADCY7
P40145,ADCY8
O60503,ADCY9
P18509,ADCYAP1
P41586,ADCYAP1R1
P35611,ADD1
P35612,ADD2
Q9UEY8,ADD3
Q8N7X0,ADGB
Q86SQ6,ADGRA1
Q96PE1,ADGRA2
Q8IWK6,ADGRA3
O14514,ADGRB1
O60241,ADGRB2
O60242,ADGRB3
Q6QNK2,ADGRD1
Q7Z7M1,ADGRD2
Q14246,ADGRE1
Q9UHX3,ADGRE2
Q9BY15,ADGRE3
Q86SQ3,ADGRE4P
P48960,ADGRE5
Q5T601,ADGRF1
Q8IZF7,ADGRF2
Q8IZF5,ADGRF3
Q8IZF3,ADGRF4
Q8IZF2,ADGRF5
Q9Y653,ADGRG1
Q8IZP9,ADGRG2
Q86Y34,ADGRG3
Q8IZF6,ADGRG4
Q8IZF4,ADGRG5
Q86SQ4,ADGRG6
Q96K78,ADGRG7
O94910,ADGRL1
O95490,ADGRL2
Q9HAR2,ADGRL3
Q9HBW9,ADGRL4
Q8WXG9,ADGRV1
P07327,ADH1A
P00325,ADH1B
P00326,ADH1C
P08319,ADH4
P11766,ADH5
P28332,ADH6
P40394,ADH7
Q8IWW8,ADHFE1
Q9BV57,ADI1
Q0VDE8,ADIG
Q15848,ADIPOQ
Q96A54,ADIPOR1
Q86V24,ADIPOR2
Q15847,ADIRF
P55263,ADK
P35318,ADM
Q7Z4H4,ADM2
C9JUS6,ADM5
Q9H2P0,ADNP
Q6IQ32,ADNP2
Q96SZ5,ADO
P30542,ADORA1
P29274,ADORA2A
P86434,ADORA2A-AS1
P29275,ADORA2B
P0DMS8,ADORA3
Q9BRR6,ADPGK
P54922,ADPRH
Q8NDY3,ADPRHL1
Q3LIE5,ADPRM
Q9NX46,ADPRS
P35348,ADRA1A
P35368,ADRA1B
P25100,ADRA1D
P08913,ADRA2A
P18089,ADRA2B
P18825,ADRA2C
P08588,ADRB1
P07550,ADRB2
P13945,ADRB3
Q16186,ADRM1
P30566,ADSL
Q8N142,ADSS1
P30520,ADSS2
Q96IZ2,ADTRP
Q8IUX7,AEBP1
Q6ZN18,AEBP2
Q8WTP8,AEN
Q8N556,AFAP1
Q8TED9,AFAP1L1
Q8N4X5,AFAP1L2
P55196,AFDN
Q9Y6Z5,AFDN-DT
P51825,AFF1
P51816,AFF2
P51826,AFF3
Q9UHB7,AFF4
Q8WV93,AFG1L
Q9Y4W6,AFG3L2
P43652,AFM
Q63HM1,AFMID
P02771,AFP
Q6ULP2,AFTPH
P20933,AGA
Q9UPQ3,AGAP1
Q8TF27,AGAP11
Q99490,AGAP2
Q96P47,AGAP3
Q96P64,AGAP4
A6NIR3,AGAP5
Q5VW22,AGAP6
Q5VUJ5,AGAP7P
Q5VTM2,AGAP9
Q96MI9,AGBL1
Q5U5Z8,AGBL2
Q8NEM8,AGBL3
Q5VU57,AGBL4
Q8NDL9,AGBL5
Q15109,AGER
P52594,AGFG1
O95081,AGFG2
Q8N302,AGGF1
Q53H12,AGK
P35573,AGL
Q9BSE5,AGMAT
Q6ZNB7,AGMO
Q9UL18,AGO1
Q9UKV8,AGO2
Q9H9G7,AGO3
Q9HCK5,AGO4
Q99943,AGPAT1
O15120,AGPAT2
Q9NRZ7,AGPAT3
Q9NRZ5,AGPAT4
Q9H0P7,AGPAT4-IT1
Q9NUQ2,AGPAT5
O00116,AGPS
O95994,AGR2
Q8TD06,AGR3
O00468,AGRN
O00253,AGRP
P01019,AGT
Q9UPW5,AGTPBP1
P30556,AGTR1
P50052,AGTR2
Q6RW13,AGTRAP
P21549,AGXT
Q9BYV1,AGXT2
Q8WYP5,AHCTF1
P23526,AHCY
O43865,AHCYL1
Q96HN2,AHCYL2
Q5TGY3,AHDC1
Q8N157,AHI1
Q09666,AHNAK
Q8IVF2,AHNAK2
P35869,AHR
A9YTQ3,AHRR
O95433,AHSA1
Q719I0,AHSA2P
P02765,AHSG
Q9NZD4,AHSP
Q9GZX7,AICDA
Q96BJ3,AIDA
P55008,AIF1
Q9BQI0,AIF1L
O95831,AIFM1
Q9BRQ8,AIFM2
Q96NN9,AIFM3
Q9NVV5,AIG1
O14862,AIM2
Q12904,AIMP1
Q13155,AIMP2
O00170,AIP
Q9NZN9,AIPL1
O43918,AIRE
Q9UKB5,AJAP1
C9J069,AJM1
Q96IF1,AJUBA
P00568,AK1
P54819,AK2
Q9UIJ7,AK3
P27144,AK4
Q9Y6K8,AK5
Q9Y3D8,AK6
Q96M32,AK7
Q96MA6,AK8
Q5TCS8,AK9
P0CW23,AKAIN1
Q92667,AKAP1
O43572,AKAP10
Q9UKA4,AKAP11
Q02952,AKAP12
Q12802,AKAP13
Q86UN6,AKAP14
Q02040,AKAP17A
Q9Y2D5,AKAP2
O75969,AKAP3
Q5JQC9,AKAP4
P24588,AKAP5
Q13023,AKAP6
Q9P0M2,AKAP7
O43687,AKAP7
O43823,AKAP8
Q9ULX6,AKAP8L
Q99996,AKAP9
Q9NQ31,AKIP1
Q9H9L7,AKIRIN1
Q53H80,AKIRIN2
Q7Z591,AKNA
Q5T1N1,AKNAD1
P14550,AKR1A1
P15121,AKR1B1
O60218,AKR1B10
C9JRZ8,AKR1B15
Q04828,AKR1C1
P52895,AKR1C2
P42330,AKR1C3
P17516,AKR1C4
Q5T2L2,AKR1C8P
P51857,AKR1D1
Q96JD6,AKR1E2
O43488,AKR7A2
O95154,AKR7A3
Q8NHP1,AKR7L
P31749,AKT1
Q96B36,AKT1S1
P31751,AKT2
Q9Y243,AKT3
Q9H8T0,AKTIP
P13716,ALAD
P13196,ALAS1
P22557,ALAS2
P02768,ALB
Q13740,ALCAM
Q8IZ83,ALDH16A1
P54886,ALDH18A1
P00352,ALDH1A1
O94788,ALDH1A2
P47895,ALDH1A3
P30837,ALDH1B1
O75891,ALDH1L1
Q3SY69,ALDH1L2
P05091,ALDH2
P30838,ALDH3A1
P51648,ALDH3A2
P43353,ALDH3B1
P48448,ALDH3B2
P30038,ALDH4A1
P51649,ALDH5A1
Q02252,ALDH6A1
P49419,ALDH7A1
Q9H2A2,ALDH8A1
P49189,ALDH9A1
P04075,ALDOA
P05062,ALDOB
P09972,ALDOC
Q9BT22,ALG1
Q5BKT4,ALG10
Q5I7T1,ALG10B
Q2TAA5,ALG11
Q9BV10,ALG12
Q9NP73,ALG13
Q96F25,ALG14
Q6GMV1,ALG1L
C9J202,ALG1L2
Q9H553,ALG2
Q92685,ALG3
Q9Y673,ALG5
Q9Y672,ALG6
Q9BVK2,ALG8
Q9H6U8,ALG9
Q9UM73,ALK
Q6UXT8,ALKAL1
Q6UX46,ALKAL2
Q13686,ALKBH1
Q6NS38,ALKBH2
Q96Q83,ALKBH3
Q9NXW9,ALKBH4
Q6P6C2,ALKBH5
Q3KRA9,ALKBH6
Q9BT30,ALKBH7
Q96BT7,ALKBH8
Q8N6M5,ALLC
Q8TCU4,ALMS1
P18054,ALOX12
O75342,ALOX12B
P16050,ALOX15
O15296,ALOX15B
P09917,ALOX5
P20292,ALOX5AP
Q9BYJ1,ALOXE3
P10696,ALPG
P09923,ALPI
Q96QP1,ALPK1
Q86TB3,ALPK2
Q96L96,ALPK3
P05186,ALPL
P05187,ALPP
Q96Q42,ALS2
Q60I27,ALS2CL
Q15699,ALX1
O95076,ALX3
Q9H161,ALX4
Q86V81,ALYREF
Q9UHK6,AMACR
Q9NP70,AMBN
P02760,AMBP
Q9C0C7,AMBRA1
P17707,AMD1
Q96NU7,AMDHD1
Q9Y303,AMDHD2
Q99217,AMELX
Q99218,AMELY
Q5JTC6,AMER1
Q8N7J2,AMER2
Q8N944,AMER3
Q9UKV5,AMFR
P03971,AMH
Q16671,AMHR2
Q86WK6,AMIGO1
Q86SJ2,AMIGO2
Q86WK7,AMIGO3
Q9Y4X0,AMMECR1
Q6DCA0,AMMECR1L
Q9BXJ7,AMN
Q8IY45,AMN1
Q4VCS5,AMOT
Q8IY63,AMOTL1
Q9Y2J4,AMOTL2
P23109,AMPD1
Q01433,AMPD2
Q01432,AMPD3
P49418,AMPH
P48728,AMT
Q6UX39,AMTN
P04745,AMY1A
P04746,AMY2A
P19961,AMY2B
Q400G9,AMZ1
Q86W34,AMZ2
Q9H1A4,ANAPC1
Q9UM13,ANAPC10
Q9NYG5,ANAPC11
Q9BS18,ANAPC13
P60006,ANAPC15
Q96DE5,ANAPC16
Q9UJX6,ANAPC2
Q9UJX5,ANAPC4
Q9UJX4,ANAPC5
Q9UJX3,ANAPC7
P03950,ANG
Q9UNK9,ANGEL1
Q5VTE6,ANGEL2
Q15389,ANGPT1
O15123,ANGPT2
Q9Y264,ANGPT4
O95841,ANGPTL1
Q9UKU9,ANGPTL2
Q9Y5C1,ANGPTL3
Q9BY76,ANGPTL4
Q86XS5,ANGPTL5
Q8NI99,ANGPTL6
O43827,ANGPTL7
Q6UXH0,ANGPTL8
E9PGG2,ANHX
P16157,ANK1
Q01484,ANK2
Q12955,ANK3
Q7Z5J8,ANKAR
Q495B1,ANKDD1A
A6NHY2,ANKDD1B
Q9NU02,ANKEF1
Q8N957,ANKFN1
Q9P2R3,ANKFY1
Q9HCJ1,ANKH
Q8IWZ3,ANKHD1
Q9P2G1,ANKIB1
Q8NFD2,ANKK1
Q8NAG6,ANKLE1
Q86XL3,ANKLE2
Q9P2S6,ANKMY1
Q8IV38,ANKMY2
Q9H9E1,ANKRA2
Q15327,ANKRD1
Q9NXR5,ANKRD10
Q6UB99,ANKRD11
Q6UB98,ANKRD12
Q8IZ07,ANKRD13A
Q86YJ7,ANKRD13B
Q8N6S4,ANKRD13C
Q6ZTN6,ANKRD13D
Q6P6B7,ANKRD16
O75179,ANKRD17
Q8IVF6,ANKRD18A
A2A2Z9,ANKRD18B
Q9H560,ANKRD19P
Q9GZV1,ANKRD2
Q5TYW2,ANKRD20A1
Q8NF67,ANKRD20A12P
Q5SQ80,ANKRD20A2
Q5VUR7,ANKRD20A3
Q4UJ75,ANKRD20A4
A0PJZ0,ANKRD20A5P
Q5CZ79,ANKRD20A8P
Q5VYY1,ANKRD22
Q86SG2,ANKRD23
Q8TF21,ANKRD24
Q9UPS8,ANKRD26
Q6NSI1,ANKRD26P1
Q96NW4,ANKRD27
O15084,ANKRD28
Q8N6D5,ANKRD29
Q9BXX3,ANKRD30A
Q9BXX2,ANKRD30B
A7E2S9,ANKRD30BL
Q8N7Z5,ANKRD31
Q7Z3H0,ANKRD33
A6NCL7,ANKRD33B
Q69YU3,ANKRD34A
A5PLL1,ANKRD34B
P0C6C1,ANKRD34C
Q8N283,ANKRD35
A6QL64,ANKRD36
Q8N2N9,ANKRD36B
Q96IX9,ANKRD36BP1
Q5JPF3,ANKRD36C
Q7Z713,ANKRD37
Q53RE8,ANKRD39
Q6AI12,ANKRD40
Q53H64,ANKRD40CL
Q8N9B4,ANKRD42
Q8N8A2,ANKRD44
Q5TZF3,ANKRD45
Q86W74,ANKRD46
Q8WVL7,ANKRD49
Q9ULJ7,ANKRD50
Q8NB46,ANKRD52
Q8N9V6,ANKRD53
Q6NXT1,ANKRD54
Q3KP44,ANKRD55
Q9Y2G4,ANKRD6
Q9BZ19,ANKRD60
A6NGH8,ANKRD61
A6NC57,ANKRD62
C9JTQ0,ANKRD63
E5RJM6,ANKRD65
B4E2M5,ANKRD66
Q92527,ANKRD7
Q96BM1,ANKRD9
Q92625,ANKS1A
Q7Z6G8,ANKS1B
Q6ZW76,ANKS3
Q8N8V4,ANKS4B
Q68DC2,ANKS6
A6NFN9,ANKUB1
Q9H8Y5,ANKZF1
Q9NQW6,ANLN
Q5XXA6,ANO1
Q9NW15,ANO10
Q9NQ90,ANO2
Q9BYT9,ANO3
Q32M45,ANO4
Q75V66,ANO5
Q4KMQ2,ANO6
Q6IWH7,ANO7
Q9HCE9,ANO8
A1A5B4,ANO9
P23352,ANOS1
P39687,ANP32A
Q92688,ANP32B
O43423,ANP32C
O95626,ANP32D
Q9BTT0,ANP32E
P15144,ANPEP
Q9BQD7,ANTKMT
Q9H6X2,ANTXR1
P58335,ANTXR2
A6NF34,ANTXRL
P04083,ANXA1
Q9UJ72,ANXA10
P50995,ANXA11
P27216,ANXA13
P07355,ANXA2
A6NMY6,ANXA2P2
Q3ZCQ2,ANXA2R
P12429,ANXA3
P09525,ANXA4
P08758,ANXA5
P08133,ANXA6
P20073,ANXA7
P13928,ANXA8
Q5VT79,ANXA8L1
O76027,ANXA9
P28039,AOAH
P19801,AOC1
O75106,AOC2
Q16853,AOC3
Q8N6M6,AOPEP
Q06278,AOX1
Q63HQ0,AP1AR
Q10567,AP1B1
O43747,AP1G1
O75843,AP1G2
Q9BXS5,AP1M1
Q9Y6Q5,AP1M2
P61966,AP1S1
P56377,AP1S2
Q96PC3,AP1S3
O95782,AP2A1
O94973,AP2A2
P63010,AP2B1
Q96CW1,AP2M1
P53680,AP2S1
O00203,AP3B1
Q13367,AP3B2
O14617,AP3D1
Q9Y2T2,AP3M1
P53677,AP3M2
Q92572,AP3S1
P59780,AP3S2
Q9Y6B7,AP4B1
Q9UPM8,AP4E1
O00189,AP4M1
Q9Y587,AP4S1
Q2VPB7,AP5B1
Q9H0R1,AP5M1
Q9NUS5,AP5S1
O43299,AP5Z1
O14727,APAF1
Q02410,APBA1
Q99767,APBA2
O96018,APBA3
O00213,APBB1
Q7Z5R6,APBB1IP
Q92870,APBB2
O95704,APBB3
P25054,APC
O95996,APC2
Q8J025,APCDD1
Q8NCL9,APCDD1L
P02743,APCS
P13798,APEH
P0DMC3,APELA
P27695,APEX1
Q9UBZ4,APEX2
Q96BI3,APH1A
Q8WW43,APH1B
Q9BZZ5,API5
Q96GX9,APIP
Q8IW19,APLF
Q9ULZ1,APLN
P35414,APLNR
P51693,APLP1
Q06481,APLP2
Q9HDC9,APMAP
P02647,APOA1
P02652,APOA2
P06727,APOA4
Q6Q788,APOA5
P04114,APOB
P41238,APOBEC1
Q9Y235,APOBEC2
P31941,APOBEC3A
Q9UH17,APOBEC3B
Q9NRW3,APOBEC3C
Q96AK3,APOBEC3D
Q8IUX4,APOBEC3F
Q9HC16,APOBEC3G
Q6NTF7,APOBEC3H
Q8WW27,APOBEC4
Q0VD83,APOBR
P02654,APOC1
P02655,APOC2
P02656,APOC3
P55056,APOC4
P05090,APOD
P02649,APOE
Q13790,APOF
P02749,APOH
O14791,APOL1
Q9BQE5,APOL2
O95236,APOL3
Q9BPW4,APOL4
Q9BWW9,APOL5
Q9BWW8,APOL6
Q96LR9,APOLD1
O95445,APOM
Q9BUR5,APOO
Q6UXV4,APOOL
P05067,APP
Q92624,APPBP2
Q9UKG1,APPL1
Q8NEU8,APPL2
Q8IVJ8,APRG1
P07741,APRT
Q7Z2E3,APTX
P29972,AQP1
Q96PS8,AQP10
Q8NBQ7,AQP11
Q8IXF9,AQP12A
A6NM10,AQP12B
P41181,AQP2
Q92482,AQP3
P55087,AQP4
P55064,AQP5
Q13520,AQP6
O14520,AQP7
A6NL99,AQP7P3
O94778,AQP8
O43315,AQP9
O60306,AQR
P10275,AR
P10398,ARAF
Q96P48,ARAP1
Q8WZ64,ARAP2
Q8WWN8,ARAP3
Q7LC44,ARC
P48444,ARCN1
P15514,AREG
O15033,AREL1
P84077,ARF1
P61204,ARF3
P18085,ARF4
P84085,ARF5
P62330,ARF6
Q8N6T3,ARFGAP1
Q8N6H7,ARFGAP2
Q9NP61,ARFGAP3
Q9Y6D6,ARFGEF1
Q9Y6D5,ARFGEF2
Q5TH69,ARFGEF3
P53367,ARFIP1
P53365,ARFIP2
Q13795,ARFRP1
P05089,ARG1
P78540,ARG2
A6NJG6,ARGFX
Q9NWB6,ARGLU1
Q07960,ARHGAP1
A1A4S6,ARHGAP10
Q6P4F7,ARHGAP11A
Q3KRB8,ARHGAP11B
Q8IWW6,ARHGAP12
Q53QZ3,ARHGAP15
Q68EM7,ARHGAP17
Q8N392,ARHGAP18
Q14CB8,ARHGAP19
Q9P2F6,ARHGAP20
Q5T5U3,ARHGAP21
Q7Z5H3,ARHGAP22
Q9P227,ARHGAP23
Q8N264,ARHGAP24
P42331,ARHGAP25
Q9UNA1,ARHGAP26
Q6ZUM4,ARHGAP27
Q9P2N2,ARHGAP28
Q52LW3,ARHGAP29
Q7Z6I6,ARHGAP30
Q2M1Z3,ARHGAP31
A7KAX9,ARHGAP32
O14559,ARHGAP33
Q9NRY4,ARHGAP35
Q6ZRI8,ARHGAP36
Q9C0H5,ARHGAP39
P98171,ARHGAP4
Q5TG30,ARHGAP40
A6NI28,ARHGAP42
Q17R89,ARHGAP44
Q92619,ARHGAP45
Q13017,ARHGAP5
Q96IT6,ARHGAP5-AS1
O43182,ARHGAP6
P85298,ARHGAP8
Q9BRR9,ARHGAP9
P52565,ARHGDIA
P52566,ARHGDIB
Q99819,ARHGDIG
Q92888,ARHGEF1
O15013,ARHGEF10
Q9HCE6,ARHGEF10L
O15085,ARHGEF11
Q9NZN5,ARHGEF12
O94989,ARHGEF15
Q5VV41,ARHGEF16
Q96PE2,ARHGEF17
Q6ZSZ5,ARHGEF18
Q8IW93,ARHGEF19
Q92974,ARHGEF2
Q86VW2,ARHGEF25
Q96DR7,ARHGEF26
Q8N1W1,ARHGEF28
Q9NR81,ARHGEF3
A8MVX0,ARHGEF33
A5YM69,ARHGEF35
A1IGU5,ARHGEF37
Q9NXL2,ARHGEF38
Q8N4T4,ARHGEF39
Q9NR80,ARHGEF4
Q8TER5,ARHGEF40
Q12774,ARHGEF5
Q15052,ARHGEF6
Q14155,ARHGEF7
O43307,ARHGEF9
O14497,ARID1A
Q8NFD5,ARID1B
Q68CP9,ARID2
Q99856,ARID3A
Q8IVW6,ARID3B
A6NKF2,ARID3C
P29374,ARID4A
Q4LE39,ARID4B
Q03989,ARID5A
Q14865,ARID5B
Q9Y4X5,ARIH1
O95376,ARIH2
Q8N7S6,ARIH2OS
P40616,ARL1
Q8N8L6,ARL10
Q969Q4,ARL11
Q5H913,ARL13A
Q3SXY8,ARL13B
Q8N4G2,ARL14
Q8N8R7,ARL14EP
P0DKL9,ARL14EPL
Q9NXU5,ARL15
Q0P5N6,ARL16
Q8IVW1,ARL17A
P36404,ARL2
Q9Y2Y0,ARL2BP
P36405,ARL3
P40617,ARL4A
P56559,ARL4C
P49703,ARL4D
Q9Y689,ARL5A
Q96KC2,ARL5B
A6NH57,ARL5C
Q9H0F7,ARL6
Q15041,ARL6IP1
Q66PJ3,ARL6IP4
O75915,ARL6IP5
Q8N6S5,ARL6IP6
Q96BM9,ARL8A
Q9NVJ2,ARL8B
Q6T311,ARL9
Q9NVT9,ARMC1
Q8N2F6,ARMC10
Q5T9G4,ARMC12
Q8NEN0,ARMC2
Q5W041,ARMC3
Q5T2S8,ARMC4
Q96C12,ARMC5
Q6NXE6,ARMC6
Q9H6L4,ARMC7
Q8IUR7,ARMC8
Q7Z3E5,ARMC9
Q9P291,ARMCX1
Q7L311,ARMCX2
Q9UH62,ARMCX3
Q5H9R4,ARMCX4
Q6P1M9,ARMCX5
Q7L4S7,ARMCX6
Q6PIY5,ARMH1
H3BNL8,ARMH2
Q5T2E6,ARMH3
Q86TY3,ARMH4
P0C7Q2,ARMS2
Q9H993,ARMT1
P27540,ARNT
Q9HBZ2,ARNT2
O00327,ARNTL
Q8WYA1,ARNTL2
Q92747,ARPC1A
O15143,ARPC1B
O15144,ARPC2
O15145,ARPC3
P59998,ARPC4
O15511,ARPC5
Q9BPX5,ARPC5L
Q7Z6K5,ARPIN
P56211,ARPP19
Q9UBL0,ARPP21
P36575,ARR3
P49407,ARRB1
P32121,ARRB2
Q8N5I2,ARRDC1
Q9H2J1,ARRDC1-AS1
Q8TBH0,ARRDC2
Q96B67,ARRDC3
Q8NCT1,ARRDC4
A6NEK1,ARRDC5
P15289,ARSA
P15848,ARSB
P51689,ARSD
P54793,ARSF
Q96EG1,ARSG
Q5FYA8,ARSH
Q5FYB1,ARSI
Q5FYB0,ARSJ
Q6UWY0,ARSK
P51690,ARSL
P52961,ART1
Q13508,ART3
Q93070,ART4
Q96L15,ART5
Q5T4W7,ARTN
Q9H2C2,ARV1
O00192,ARVCF
Q96QS3,ARX
Q9HBK9,AS3MT
Q13510,ASAH1
Q9NR71,ASAH2
P0C7U1,ASAH2B
Q9ULH1,ASAP1
O43150,ASAP2
Q8TDY4,ASAP3
Q9Y576,ASB1
Q8WXI3,ASB10
Q8WXH4,ASB11
Q8WXK4,ASB12
Q8WXK3,ASB13
A6NK59,ASB14
Q8WXK1,ASB15
Q96NS5,ASB16
Q495Z4,ASB16-AS1
Q8WXJ9,ASB17
Q6ZVZ8,ASB18
Q96Q27,ASB2
Q9Y575,ASB3
Q9Y574,ASB4
Q8WWX0,ASB5
Q9NWX5,ASB6
Q9H672,ASB7
Q9H765,ASB8
Q96DX5,ASB9
Q8N9N2,ASCC1
Q9H1I8,ASCC2
Q8N3C0,ASCC3
P50553,ASCL1
Q99929,ASCL2
Q9NQ33,ASCL3
Q6XD76,ASCL4
Q7RTU5,ASCL5
L0R819,ASDURF
Q9Y294,ASF1A
Q9NVP2,ASF1B
P07306,ASGR1
P07307,ASGR2
Q9NR48,ASH1L
Q9UBL3,ASH2L
P78348,ASIC1
Q16515,ASIC2
Q9UHC3,ASIC3
Q96FT7,ASIC4
Q9NY37,ASIC5
P42127,ASIP
P04424,ASL
P46597,ASMT
O95671,ASMTL
P08243,ASNS
Q9NWL6,ASNSD1
P45381,ASPA
A6ND91,ASPDH
Q86U10,ASPG
Q12797,ASPH
Q5U4P2,ASPHD1
Q6ICH7,ASPHD2
Q8IZT6,ASPM
Q9BXN1,ASPN
Q53RT3,ASPRV1
Q9BZE9,ASPSCR1
Q7L266,ASRGL1
P00966,ASS1
Q2TB18,ASTE1
Q6HA08,ASTL
O14525,ASTN1
O75129,ASTN2
Q8IXJ9,ASXL1
Q76L83,ASXL2
Q9C0F0,ASXL3
Q8WWH4,ASZ1
Q8NBU5,ATAD1
Q6PL18,ATAD2
Q9ULI0,ATAD2B
Q9NVI7,ATAD3A
Q5T9A4,ATAD3B
Q5T2N8,ATAD3C
Q96QE3,ATAD5
Q5SQI0,ATAT1
Q86WG3,ATCAY
O95260,ATE1
P18846,ATF1
P15336,ATF2
P18847,ATF3
P18848,ATF4
Q9Y2D1,ATF5
P18850,ATF6
Q99941,ATF6B
P17544,ATF7
Q6VMQ6,ATF7IP
Q5U623,ATF7IP2
Q9H0Y0,ATG10
Q9BSB4,ATG101
O94817,ATG12
O75143,ATG13
Q6ZNE5,ATG14
Q676U5,ATG16L1
Q8NAA4,ATG16L2
Q2TAZ0,ATG2A
Q96BY7,ATG2B
Q9NT62,ATG3
Q8WYN0,ATG4A
Q9Y4P1,ATG4B
Q96DT6,ATG4C
Q86TL0,ATG4D
Q9H1Y0,ATG5
O95352,ATG7
Q7Z3C6,ATG9A
Q674R7,ATG9B
P31939,ATIC
Q8WXF7,ATL1
Q8NHH9,ATL2
Q6DD88,ATL3
Q13315,ATM
O43313,ATMIN
P54259,ATN1
Q92858,ATOH1
Q8N100,ATOH7
Q96SQ7,ATOH8
O00244,ATOX1
O60312,ATP10A
O94823,ATP10B
Q9P241,ATP10D
P98196,ATP11A
Q6ZP68,ATP11AUN
Q9Y2G3,ATP11B
Q8NB49,ATP11C
P54707,ATP12A
Q9HD20,ATP13A1
Q9NQ11,ATP13A2
Q9H7F0,ATP13A3
Q4VNC1,ATP13A4
Q4VNC0,ATP13A5
P05023,ATP1A1
Q5TC04,ATP1A1-AS1
P50993,ATP1A2
P13637,ATP1A3
Q13733,ATP1A4
P05026,ATP1B1
P14415,ATP1B2
P54709,ATP1B3
Q9UN42,ATP1B4
Q9Y6H3,ATP23
O14983,ATP2A1
P16615,ATP2A2
Q93084,ATP2A3
P20020,ATP2B1
Q01814,ATP2B2
Q16720,ATP2B3
P23634,ATP2B4
P98194,ATP2C1
O75185,ATP2C2
P20648,ATP4A
P51164,ATP4B
P25705,ATP5F1A
P06576,ATP5F1B
P36542,ATP5F1C
P30049,ATP5F1D
P56381,ATP5F1E
Q5VTU8,ATP5F1EP2
Q9UII2,ATP5IF1
P05496,ATP5MC1
Q06055,ATP5MC2
P48201,ATP5MC3
Q96IX5,ATP5MD
P56385,ATP5ME
P56134,ATP5MF
O75964,ATP5MG
Q7Z4Y8,ATP5MGL
P56378,ATP5MPL
P24539,ATP5PB
O75947,ATP5PD
P18859,ATP5PF
P48047,ATP5PO
Q15904,ATP6AP1
Q52LC2,ATP6AP1L
O75787,ATP6AP2
Q93050,ATP6V0A1
Q9Y487,ATP6V0A2
Q9HBG4,ATP6V0A4
Q99437,ATP6V0B
P27449,ATP6V0C
P61421,ATP6V0D1
Q8N8Y2,ATP6V0D2
O15342,ATP6V0E1
Q8NHE4,ATP6V0E2
P38606,ATP6V1A
P15313,ATP6V1B1
P21281,ATP6V1B2
P21283,ATP6V1C1
Q8NEY4,ATP6V1C2
Q9Y5K8,ATP6V1D
P36543,ATP6V1E1
Q96A05,ATP6V1E2
Q16864,ATP6V1F
A0A1B0GUX0,ATP6V1FNB
O75348,ATP6V1G1
O95670,ATP6V1G2
Q96LB4,ATP6V1G3
Q9UI12,ATP6V1H
Q04656,ATP7A
P35670,ATP7B
Q9Y2Q0,ATP8A1
Q9NTI2,ATP8A2
O43520,ATP8B1
P98198,ATP8B2
O60423,ATP8B3
Q8TF62,ATP8B4
O75110,ATP9A
O43861,ATP9B
Q5TC12,ATPAF1
Q8N5M1,ATPAF2
Q6P4H8,ATPSCKMT
Q13535,ATR
Q6UW56,ATRAID
Q8WXE1,ATRIP
O75882,ATRN
Q5VV63,ATRNL1
P46100,ATRX
P54253,ATXN1
Q9UBB4,ATXN10
P0C7T5,ATXN1L
Q99700,ATXN2
Q8WWM7,ATXN2L
P54252,ATXN3
Q9H3M9,ATXN3L
O15265,ATXN7
Q9ULK2,ATXN7L1
Q5T6C5,ATXN7L2
Q14CW9,ATXN7L3
Q96GX2,ATXN7L3B
Q156A1,ATXN8
P0DMR3,ATXN8OS
Q13825,AUH
Q9H7T9,AUNIP
Q9Y679,AUP1
O14965,AURKA
Q9NWT8,AURKAIP1
Q96GD4,AURKB
Q9UQB9,AURKC
Q8WXX7,AUTS2
Q9NQS1,AVEN
O75366,AVIL
Q8NBF6,AVL9
P01185,AVP
Q5T686,AVPI1
P37288,AVPR1A
P47901,AVPR1B
P30518,AVPR2
Q58HT5,AWAT1
Q6E213,AWAT2
Q5T1B0,AXDND1
O15169,AXIN1
Q9Y2T1,AXIN2
P30530,AXL
P25311,AZGP1
Q9H6S1,AZI2
O14977,AZIN1
Q96A70,AZIN2
P20160,AZU1
P61769,B2M
O75752,B3GALNT1
Q8NCR0,B3GALNT2
Q9Y5Z6,B3GALT1
O43825,B3GALT2
O96024,B3GALT4
Q9Y2C3,B3GALT5
P59052,B3GALT5-AS1
Q96L58,B3GALT6
Q9P2W7,B3GAT1
Q9NPZ5,B3GAT2
O94766,B3GAT3
Q6Y288,B3GLCT
Q9NY97,B3GNT2
Q9Y2A9,B3GNT3
Q9C0J1,B3GNT4
Q9BYG0,B3GNT5
Q6ZMB0,B3GNT6
Q8NFL0,B3GNT7
Q7Z7M8,B3GNT8
Q6UX72,B3GNT9
Q67FW5,B3GNTL1
Q00973,B4GALNT1
Q8NHY0,B4GALNT2
Q6L9W6,B4GALNT3
Q76KP1,B4GALNT4
P15291,B4GALT1
O60909,B4GALT2
O60512,B4GALT3
O60513,B4GALT4
O43286,B4GALT5
Q9UBX8,B4GALT6
Q9UBV7,B4GALT7
O43505,B4GAT1
Q9UPM9,B9D1
Q9BPU9,B9D2
Q8WXS3,BAALC
P0C853,BAALC-AS2
Q14032,BAAT
Q9NWV8,BABAM1
Q9NXR7,BABAM2
P56817,BACE1
Q9Y5Z0,BACE2
O14867,BACH1
Q9BYV9,BACH2
Q92934,BAD
Q99933,BAG1
O95816,BAG2
O95817,BAG3
O95429,BAG4
Q9UL15,BAG5
P46379,BAG6
Q13072,BAGE
Q86Y30,BAGE2
Q86Y29,BAGE3
Q86Y28,BAGE4
Q86Y27,BAGE5
Q9P281,BAHCC1
Q8TBE0,BAHD1
Q9UQB8,BAIAP2
Q9UHR4,BAIAP2L1
Q6UXY1,BAIAP2L2
O94812,BAIAP3
Q16611,BAK1
Q13145,BAMBI
O75531,BANF1
Q9H503,BANF2
Q8NDB2,BANK1
Q8N9N5,BANP
Q92560,BAP1
Q8IXM2,BAP18
Q99728,BARD1
Q6ZT62,BARGIN
Q9BZE3,BARHL1
Q9NY43,BARHL2
Q9HBU1,BARX1
Q9UMQ3,BARX2
P80723,BASP1
Q16520,BATF
Q8N1L9,BATF2
Q9NR55,BATF3
Q07812,BAX
Q9NRL2,BAZ1A
Q9UIG0,BAZ1B
Q9UIF9,BAZ2A
Q9UIF8,BAZ2B
Q9BXH1,BBC3
Q96PG8,BBC3
A8MTZ0,BBIP1
Q8ND07,BBOF1
O75936,BBOX1
Q8NFJ9,BBS1
Q8TAM1,BBS10
Q6ZW61,BBS12
Q9BXC9,BBS2
Q96RK4,BBS4
Q8N3I7,BBS5
Q8IWZ6,BBS7
Q3SYG4,BBS9
Q8WY36,BBX
P50895,BCAM
Q96GW7,BCAN
Q9UHQ4,BCAP29
P51572,BCAP31
P56945,BCAR1
O75815,BCAR3
O75363,BCAS1
O75934,BCAS2
Q9H6U6,BCAS3
Q8TDM0,BCAS4
P54687,BCAT1
O15382,BCAT2
Q9P287,BCCIP
Q7Z5W3,BCDIN3D
O60756,BCE1
P06276,BCHE
P12694,BCKDHA
P21953,BCKDHB
O14874,BCKDK
O95999,BCL10
Q9H165,BCL11A
Q9C0K0,BCL11B
P10415,BCL2
Q16548,BCL2A1
Q07817,BCL2L1
Q9HD36,BCL2L10
O43521,BCL2L11
Q9HB09,BCL2L12
Q9BXK5,BCL2L13
Q9BZR8,BCL2L14
Q5TBC7,BCL2L15
Q92843,BCL2L2
P20749,BCL3
P41182,BCL6
Q8N143,BCL6B
Q4VC05,BCL7A
Q9BQE9,BCL7B
Q8WUZ0,BCL7C
O00512,BCL9
Q86UU0,BCL9L
Q9NYF8,BCLAF1
A2AJT9,BCLAF3
Q9HAY6,BCO1
Q9BYV7,BCO2
Q6W2J9,BCOR
Q5H9F3,BCORL1
Q8N888,BCORP1
P11274,BCR
Q9Y276,BCS1L
Q02338,BDH1
Q9BUT1,BDH2
P46663,BDKRB1
P30411,BDKRB2
P23560,BDNF
A6H8Y1,BDP1
Q3B7T3,BEAN1
Q14457,BECN1
A8MW95,BECN2
Q9BUH8,BEGAIN
Q8NDZ0,BEND2
Q5T5X7,BEND3
Q6ZU67,BEND4
Q7L4P6,BEND5
Q5SZJ8,BEND6
Q8N7W2,BEND7
O76090,BEST1
Q8NFU1,BEST2
Q8N1M1,BEST3
Q8NFU0,BEST4
O15155,BET1
Q9NYM9,BET1L
Q9HBH7,BEX1
Q9BXY8,BEX2
Q00994,BEX3
Q9NWD9,BEX4
Q5H9J7,BEX5
Q9NZS9,BFAR
Q12934,BFSP1
Q13515,BFSP2
P02818,BGLAP
P21810,BGN
Q7RTS1,BHLHA15
Q7RTU4,BHLHA9
Q6PI77,BHLHB9
Q8NFJ8,BHLHE22
Q8NDY6,BHLHE23
O14503,BHLHE40
Q9C0J9,BHLHE41
C9JSJ3,BHMG1
Q93088,BHMT
Q9H2M3,BHMT2
Q9H694,BICC1
Q96G01,BICD1
Q8TD16,BICD2
Q6ZP65,BICDL1
A1A5D9,BICDL2
Q9NZM4,BICRA
Q6AI39,BICRAL
P55957,BID
Q13323,BIK
O00499,BIN1
Q9UBW5,BIN2
Q9NQY0,BIN3
Q13490,BIRC2
Q13489,BIRC3
O15392,BIRC5
Q9NR09,BIRC6
Q96CA5,BIRC7
Q96P09,BIRC8
Q86UB2,BIVM
A4D250,BLACE
P62952,BLCAP
Q8IZY5,BLID
P51451,BLK
P54132,BLM
Q13867,BLMH
Q8WV28,BLNK
P78537,BLOC1S1
Q6QNY1,BLOC1S2
Q6QNY0,BLOC1S3
Q9NUP1,BLOC1S4
Q8TDH9,BLOC1S5
Q9UL45,BLOC1S6
P53004,BLVRA
P30043,BLVRB
Q9H2G9,BLZF1
Q96MC5,BMERB1
Q96LC9,BMF
P35226,BMI1
P13497,BMP1
O95393,BMP10
O95972,BMP15
P12643,BMP2
Q9NSY1,BMP2K
Q5H9B9,BMP2KL
P12645,BMP3
P12644,BMP4
P22003,BMP5
P22004,BMP6
P18075,BMP7
Q7Z5Y6,BMP8A
P34820,BMP8B
Q8N8U9,BMPER
P36894,BMPR1A
O00238,BMPR1B
Q13873,BMPR2
Q14692,BMS1
Q1RMZ1,BMT2
P51813,BMX
Q01954,BNC1
Q6ZN30,BNC2
Q12981,BNIP1
Q12982,BNIP2
Q12983,BNIP3
O60238,BNIP3L
P0C671,BNIP5
Q7Z465,BNIPL
Q9BWV1,BOC
Q96IK1,BOD1
Q8NFC6,BOD1L1
Q8IYS8,BOD1L2
Q9UMX3,BOK
Q9Y3E2,BOLA1
Q9H3K6,BOLA2
Q53S33,BOLA3
Q8N9W6,BOLL
Q14137,BOP1
Q6PGQ7,BORA
Q969J3,BORCS5
Q96GS4,BORCS6
Q96B45,BORCS7
Q96FH0,BORCS8
Q9GZL8,BPESC1
P07738,BPGM
Q86WA6,BPHL
P17213,BPI
Q9NP55,BPIFA1
Q96DR5,BPIFA2
Q9BQP9,BPIFA3
Q86YQ2,BPIFA4P
Q8TDL5,BPIFB1
Q8N4F0,BPIFB2
P59826,BPIFB3
P59827,BPIFB4
Q8NFQ5,BPIFB6
Q8NFQ6,BPIFC
O95861,BPNT1
Q12830,BPTF
O14599,BPY2
P15056,BRAF
Q7Z569,BRAP
Q6PJG6,BRAT1
P38398,BRCA1
P51587,BRCA2
P46736,BRCC3
O95696,BRD1
P25440,BRD2
Q15059,BRD3
A0A1B0GUI7,BRD3OS
O60885,BRD4
Q9NPI1,BRD7
Q9H0E9,BRD8
Q9H8M2,BRD9
Q58F21,BRDT
Q92994,BRF1
Q9HAW0,BRF2
O95415,BRI3
Q8WY22,BRI3BP
Q6PL45,BRICD5
O60477,BRINP1
Q9C0B6,BRINP2
Q76B58,BRINP3
Q9BX63,BRIP1
Q8TDN6,BRIX1
Q8WUW1,BRK1
Q9HCU9,BRMS1
Q5PSV4,BRMS1L
Q5VW32,BROX
P55201,BRPF1
Q9ULD4,BRPF3
P32247,BRS3
Q8TDC3,BRSK1
Q8IWQ3,BRSK2
Q9NSI6,BRWD1
P59051,BRWD1-AS2
Q6RI45,BRWD3
Q96G97,BSCL2
Q9NW68,BSDC1
P35613,BSG
Q9UPA5,BSN
Q8WZ55,BSND
Q075Z2,BSPH1
Q5W0U4,BSPRY
Q10588,BST1
Q10589,BST2
Q3C1V8,BSX
O14981,BTAF1
Q9H0C5,BTBD1
Q9BSF8,BTBD10
A6QL63,BTBD11
Q32M84,BTBD16
A6NE02,BTBD17
B2RXH4,BTBD18
C9JJ37,BTBD19
Q9BX70,BTBD2
Q9Y2F9,BTBD3
Q96KE9,BTBD6
Q9P203,BTBD7
Q5XKL5,BTBD8
Q96Q07,BTBD9
P35070,BTC
P43251,BTD
P20290,BTF3
Q96K17,BTF3L4
P62324,BTG1
P78543,BTG2
Q14201,BTG3
Q9NY30,BTG4
Q06187,BTK
Q7Z6A9,BTLA
Q13410,BTN1A1
Q7KYR7,BTN2A1
Q8WVV5,BTN2A2
Q96KV6,BTN2A3P
O00481,BTN3A1
P78410,BTN3A2
O00478,BTN3A3
A8MVZ5,BTNL10
Q9UIR0,BTNL2
Q6UXE8,BTNL3
Q6UX41,BTNL8
Q6UXG8,BTNL9
Q9Y297,BTRC
O43683,BUB1
O60566,BUB1B
O43684,BUB3
Q9BRD0,BUD13
O43709,BUD23
P41223,BUD31
Q8NE79,BVES
Q5T3Y7,BVES-AS1
Q13895,BYSL
Q7L1Q6,BZW1
Q9Y6E2,BZW2
Q8TEF2,C10orf105
Q8N326,C10orf111
Q5VZT2,C10orf113
Q5SQS8,C10orf120
Q8N4M7,C10orf126
B7Z368,C10orf142
A0A1B0GUT2,C10orf143
Q5T742,C10orf25
Q8N6V4,C10orf53
Q5SWW7,C10orf55
Q5T681,C10orf62
Q8IYJ2,C10orf67
Q8WW14,C10orf82
Q96M02,C10orf90
Q5T1B1,C10orf91
Q9H7T3,C10orf95
Q9H5F2,C11orf1
Q9NQ32,C11orf16
Q9P2W6,C11orf21
Q96F05,C11orf24
Q8WZ69,C11orf40
Q8N5U0,C11orf42
Q8N8P7,C11orf44
Q8TAV5,C11orf45
Q9H6J7,C11orf49
Q96A22,C11orf52
Q8IXP5,C11orf53
Q9H0W9,C11orf54
Q9H3H3,C11orf68
Q6IPW1,C11orf71
Q8NBR9,C11orf72
A6NJI1,C11orf86
Q6NUJ2,C11orf87
Q6PI97,C11orf88
Q3C1V1,C11orf91
C9JXX5,C11orf94
C9JLR9,C11orf95
Q7Z7L8,C11orf96
A0A1B0GVM6,C11orf97
E9PRG8,C11orf98
Q9HB07,C12orf10
Q8N999,C12orf29
Q9NQ89,C12orf4
Q86WS4,C12orf40
Q96LP6,C12orf42
Q8N5I9,C12orf45
Q9H741,C12orf49
Q8NA57,C12orf50
Q6X4T0,C12orf54
Q8IXR9,C12orf56
Q99622,C12orf57
Q5U649,C12orf60
Q9H3J6,C12orf65
Q96MD2,C12orf66
A8MTZ7,C12orf71
Q69YU5,C12orf73
Q32Q52,C12orf74
Q8N812,C12orf76
C9JDV5,C12orf77
A0A1B0GVH6,C13orf42
A0A1B0GUA9,C13orf46
Q9NWQ9,C14orf119
Q9NPU4,C14orf132
Q52M58,C14orf177
Q8N769,C14orf178
Q4W4Y0,C14orf28
Q9H972,C14orf93
Q32M92,C15orf32
Q6ZRI6,C15orf39
Q8WUR7,C15orf40
Q9Y2V0,C15orf41
Q8N8G6,C15orf54
Q8N910,C15orf56
A6NNL5,C15orf61
A8K5M9,C15orf62
H3BRN8,C15orf65
Q6P387,C16orf46
Q6ZP98,C16orf47
Q6UWD8,C16orf54
Q96GQ5,C16orf58
Q9BSU1,C16orf70
Q8IYS4,C16orf71
Q14CZ0,C16orf72
Q96GX8,C16orf74
Q8WTQ4,C16orf78
Q7Z2V1,C16orf82
Q6ZW13,C16orf86
Q6PH81,C16orf87
Q6UX73,C16orf89
A8MZG2,C16orf90
Q96LL3,C16orf92
Q9H693,C16orf95
A6NNT2,C16orf96
H3BN30,C16orf97
A8MU93,C17orf100
A2RUQ5,C17orf102
Q6ZR85,C17orf107
F2Z3M2,C17orf112
A0A1B0GUU1,C17orf113
Q8NEP4,C17orf47
Q8WW18,C17orf50
Q2M2W7,C17orf58
Q86WR6,C17orf64
Q0P5P2,C17orf67
Q9HAS0,C17orf75
Q96MU5,C17orf77
Q8N4C9,C17orf78
Q9BSJ5,C17orf80
Q86X59,C17orf82
A8MV24,C17orf98
Q6UX52,C17orf99
Q96KH6,C18orf12
Q96N68,C18orf15
Q32NC0,C18orf21
Q96B23,C18orf25
Q8TCD1,C18orf32
Q68DL7,C18orf63
Q6ZTR6,C18orf65
Q9NSK7,C19orf12
Q8NEA5,C19orf18
Q9UFG5,C19orf25
Q9H6X5,C19orf44
Q8N9M1,C19orf47
Q6RUI8,C19orf48
Q9UNZ5,C19orf53
Q5BKX5,C19orf54
Q0VDD7,C19orf57
A6NJJ6,C19orf67
A6NCJ1,C19orf71
Q9NVV2,C19orf73
C9J6K1,C19orf81
I3L1E1,C19orf84
A0A1B0GUS0,C19orf85
Q13901,C1D
Q9NS00,C1GALT1
Q96EU7,C1GALT1C1
P0DN25,C1GALT1C1L
Q5SVJ3,C1orf100
O95561,C1orf105
Q9NX04,C1orf109
Q9NSG2,C1orf112
Q9H7X2,C1orf115
Q6ZSJ8,C1orf122
Q8N9H9,C1orf127
Q8NDD1,C1orf131
Q5TEV5,C1orf134
Q5VVS0,C1orf140
Q5JVX7,C1orf141
Q5VVC0,C1orf146
Q96MC9,C1orf147
Q8N1D5,C1orf158
Q96HA4,C1orf159
Q8NEQ5,C1orf162
Q5SNV9,C1orf167
Q8IYL3,C1orf174
Q5T7R7,C1orf185
Q5VU69,C1orf189
Q5T5A4,C1orf194
Q5TG92,C1orf195
B1AJZ1,C1orf196
Q9H425,C1orf198
Q9H246,C1orf21
Q8IVY1,C1orf210
Q8TAB5,C1orf216
Q5T0J3,C1orf220
A1L170,C1orf226
Q6ZS94,C1orf229
A0A0U1RR37,C1orf232
Q9BWL3,C1orf43
Q9BV19,C1orf50
Q8N6N3,C1orf52
Q5VUE5,C1orf53
Q8WWF1,C1orf54
Q13536,C1orf61
Q96LT6,C1orf74
Q8N0U7,C1orf87
Q6P1W5,C1orf94
P02745,C1QA
P02746,C1QB
Q07021,C1QBP
P02747,C1QC
O75973,C1QL1
Q7Z5L3,C1QL2
Q5VWW1,C1QL3
Q86Z23,C1QL4
Q9BXJ1,C1QTNF1
Q5T7M4,C1QTNF12
Q9BXJ5,C1QTNF2
Q9BXJ4,C1QTNF3
Q9BXJ3,C1QTNF4
Q9BXJ0,C1QTNF5
Q9BXI9,C1QTNF6
Q9BXJ2,C1QTNF7
P60827,C1QTNF8
P0C862,C1QTNF9
B2RNN3,C1QTNF9B
P00736,C1R
Q9NZP8,C1RL
P09871,C1S
P06681,C2
Q9NUB4,C20orf141
Q9BQM9,C20orf144
Q96LM9,C20orf173
Q5TEA3,C20orf194
Q8N268,C20orf197
A1L168,C20orf202
Q8NBC4,C20orf203
A0A1B0GTL2,C20orf204
Q9GZN8,C20orf27
Q9BR46,C20orf78
Q9H1P6,C20orf85
Q9NUD7,C20orf96
P58505,C21orf58
Q9NYP8,C21orf62
Q17RA5,C21orf62-AS1
Q8WYQ4,C22orf15
Q9BZE7,C22orf23
Q9Y442,C22orf24
O95567,C22orf31
Q6ZV56,C22orf34
Q6P5X5,C22orf39
Q6IC83,C22orf42
C9J442,C22orf46
Q9Y426,C2CD2
O14523,C2CD2L
Q4AC94,C2CD3
Q8NCU7,C2CD4A
A6NLJ0,C2CD4B
Q8TF44,C2CD4C
B7Z1M9,C2CD4D
Q86YS7,C2CD5
Q53TS8,C2CD6
Q8WU43,C2orf15
Q68DN1,C2orf16
P0DPF5,C2orf27A
P0DPF6,C2orf27B
Q9NWW7,C2orf42
Q96LS8,C2orf48
Q9BVC5,C2orf49
Q96LR7,C2orf50
Q6UXQ4,C2orf66
Q2NKX9,C2orf68
Q8N8R5,C2orf69
A6NCS6,C2orf72
Q8N5S3,C2orf73
A8MZ97,C2orf74
Q3KRA6,C2orf76
A6NCI8,C2orf78
Q0P641,C2orf80
A6NN90,C2orf81
Q53S99,C2orf83
Q9BSF0,C2orf88
Q6ZV80,C2orf91
A0A1B0GVN3,C2orf92
P01024,C3
Q16581,C3AR1
Q9HBI5,C3orf14
Q9UK00,C3orf18
Q8ND61,C3orf20
Q8N5N4,C3orf22
Q6P1S2,C3orf33
Q3SXR2,C3orf36
Q5JPI3,C3orf38
Q96BT1,C3orf49
Q8N813,C3orf56
Q6ZUJ4,C3orf62
Q6ZVT6,C3orf67
A6NLC5,C3orf70
P0CE67,C3orf79
F5H4A9,C3orf80
H3BNL1,C3orf84
A0A1B0GTC6,C3orf85
P0DN24,C3orf86
Q6ZMU1,C3P1
P0C0L4,C4A
P0C0L5,C4B
P04003,C4BPA
P20851,C4BPB
Q53FE4,C4orf17
Q8IY42,C4orf19
Q8WVX3,C4orf3
Q8N1A6,C4orf33
Q96KX1,C4orf36
Q96LM5,C4orf45
Q504U0,C4orf46
A7E2U8,C4orf47
Q5BLP8,C4orf48
Q6ZRC1,C4orf50
C9J302,C4orf51
D6RIA3,C4orf54
P01031,C5
P21730,C5AR1
Q9P296,C5AR2
Q8NAS9,C5orf17
Q49AR2,C5orf22
Q7Z6I8,C5orf24
Q96MH7,C5orf34
Q86SI9,C5orf38
Q6UWT4,C5orf46
Q569G3,C5orf47
A4QMS7,C5orf49
A6NDU8,C5orf51
A6NGY3,C5orf52
Q8N8D9,C5orf56
C9J3I9,C5orf58
A6NFR6,C5orf60
A6NC05,C5orf63
Q2M2E5,C5orf64
Q9H5L9,C5orf66
F2Z3F1,C5orf67
P13671,C6
Q5T5N4,C6orf118
Q7Z4R8,C6orf120
Q5T0Z8,C6orf132
Q5SQH8,C6orf136
Q5SZD1,C6orf141
Q6UXA7,C6orf15
Q5TEZ5,C6orf163
Q7Z4U5,C6orf201
Q8N319,C6orf223
Q5I0X4,C6orf226
O95873,C6orf47
Q9HD87,C6orf50
Q5T4I8,C6orf52
Q9GZU0,C6orf62
Q6UWU4,C6orf89
Q4VX62,C6orf99
P10643,C7
Q9BPX7,C7orf25
Q96N11,C7orf26
Q8N865,C7orf31
Q8WU49,C7orf33
Q9BRJ6,C7orf50
Q8NEG2,C7orf57
Q8IZ16,C7orf61
Q6ZTY9,C7orf65
A4D0T2,C7orf66
Q9H7B7,C7orf69
A4D0Y5,C7orf77
P07357,C8A
P07358,C8B
P07360,C8G
Q9NRJ1,C8orf17
Q8N9H6,C8orf31
Q9H7E9,C8orf33
Q49A92,C8orf34
Q96NL8,C8orf37
Q96CB5,C8orf44
Q96LL4,C8orf48
Q96NF6,C8orf49
Q8NAV2,C8orf58
Q6P047,C8orf74
Q96K31,C8orf76
Q6P1X6,C8orf82
Q6ZUL3,C8orf86
E5RJ46,C8orf87
P0DMB2,C8orf88
P0DMQ9,C8orf89
P02748,C9
Q8NAJ2,C9orf106
Q5BN46,C9orf116
A6NHY6,C9orf118
Q5T035,C9orf129
Q5VYM1,C9orf131
Q5VTT2,C9orf135
Q6ZV77,C9orf139
Q5JTZ5,C9orf152
Q5TBE3,C9orf153
Q9BUW7,C9orf16
Q8N9P6,C9orf163
A2RU37,C9orf170
Q8IXQ3,C9orf40
Q8TAL5,C9orf43
Q6ZRZ4,C9orf47
Q5SZB4,C9orf50
Q5W0N0,C9orf57
Q8N4C0,C9orf62
Q5T6V5,C9orf64
Q5T8R8,C9orf66
Q96LT7,C9orf72
Q9NZ63,C9orf78
Q96MD7,C9orf85
A6NGG3,C9orf92
P00915,CA1
Q9NS85,CA10
O75493,CA11
O43570,CA12
Q8N1Q1,CA13
Q9ULX7,CA14
P00918,CA2
P07451,CA3
P22748,CA4
P35218,CA5A
Q9Y2D0,CA5B
Q8WTZ4,CA5BP1
P23280,CA6
P43166,CA7
P35219,CA8
Q16790,CA9
Q9H8G2,CAAP1
Q9Y376,CAB39
Q9H9S4,CAB39L
Q8IVU9,CABCOCO1
Q9Y6J0,CABIN1
Q8TDN4,CABLES1
Q9BTV7,CABLES2
Q9NZU7,CABP1
Q9NPB3,CABP2
P57796,CABP4
Q9NP86,CABP5
Q86V35,CABP7
Q96KC9,CABS1
O75952,CABYR
Q9UGQ2,CACFD1
Q5VU97,CACHD1
O00555,CACNA1A
Q00975,CACNA1B
Q13936,CACNA1C
Q01668,CACNA1D
Q15878,CACNA1E
O60840,CACNA1F
O43497,CACNA1G
O95180,CACNA1H
Q9P0X4,CACNA1I
Q13698,CACNA1S
P54289,CACNA2D1
Q9NY47,CACNA2D2
Q8IZS8,CACNA2D3
Q7Z3S7,CACNA2D4
Q02641,CACNB1
Q08289,CACNB2
P54284,CACNB3
O00305,CACNB4
Q06432,CACNG1
Q9Y698,CACNG2
O60359,CACNG3
Q9UBN1,CACNG4
Q9UF02,CACNG5
Q9BXT2,CACNG6
P62955,CACNG7
Q8WXS5,CACNG8
Q8WUQ7,CACTIN
Q8N1I8,CACTIN-AS1
Q86Y37,CACUL1
Q9HB71,CACYBP
P27708,CAD
Q9BY67,CADM1
Q8N3J6,CADM2
Q8N126,CADM3
Q8NFZ8,CADM4
Q9ULU8,CADPS
Q86UW7,CADPS2
Q8TC20,CAGE1
P05937,CALB1
P22676,CALB2
P06881,CALCA
P01258,CALCA
P10092,CALCB
Q9P1Z2,CALCOCO1
Q13137,CALCOCO2
P30988,CALCR
Q16602,CALCRL
Q05682,CALD1
Q8IU99,CALHM1
Q9HA72,CALHM2
Q86XJ0,CALHM3
Q5JW98,CALHM4
Q8N5C1,CALHM5
Q5R3K3,CALHM6
P0DP23,CALM1
P0DP24,CALM2
P0DP25,CALM3
P27482,CALML3
Q96GE6,CALML4
Q9NZT1,CALML5
Q8TD86,CALML6
Q9BXU9,CALN1
P27797,CALR
Q96L12,CALR3
O43852,CALU
Q9NYX4,CALY
Q14012,CAMK1
Q8IU85,CAMK1D
Q96NX5,CAMK1G
Q9UQM7,CAMK2A
Q13554,CAMK2B
Q13557,CAMK2D
Q13555,CAMK2G
Q7Z7J9,CAMK2N1
Q96S95,CAMK2N2
Q16566,CAMK4
Q8N5S9,CAMKK1
Q96RR4,CAMKK2
Q7Z624,CAMKMT
Q8NCB2,CAMKV
P49069,CAMLG
P49913,CAMP
Q5T5Y3,CAMSAP1
Q08AD1,CAMSAP2
Q9P1Y5,CAMSAP3
Q9Y6Y1,CAMTA1
O94983,CAMTA2
Q86VP6,CAND1
O75155,CAND2
Q8WVQ1,CANT1
P27824,CANX
Q01518,CAP1
P40123,CAP2
P40121,CAPG
P07384,CAPN1
Q9HC96,CAPN10
Q9UMQ6,CAPN11
Q6ZSI9,CAPN12
Q6MZZ7,CAPN13
A8MX76,CAPN14
O75808,CAPN15
P17655,CAPN2
P20807,CAPN3
O15484,CAPN5
Q9Y6Q1,CAPN6
Q9Y6W3,CAPN7
A6NHC0,CAPN8
O14815,CAPN9
P04632,CAPNS1
Q96L46,CAPNS2
Q14444,CAPRIN1
Q6IMN6,CAPRIN2
Q13938,CAPS
Q9BXY5,CAPS2
Q8WWF8,CAPSL
P52907,CAPZA1
P47755,CAPZA2
Q96KX2,CAPZA3
P47756,CAPZB
Q9BWT7,CARD10
Q9BXL7,CARD11
Q9BXL6,CARD14
Q5EG05,CARD16
Q5XLA6,CARD17
P57730,CARD18
Q96LW7,CARD19
Q9BX69,CARD6
Q9Y2G2,CARD8
Q9H257,CARD9
Q8N187,CARF
Q9Y2V2,CARHSP1
Q86X55,CARM1
Q5VZK9,CARMIL1
Q6F5E8,CARMIL2
Q8ND23,CARMIL3
Q8N4J0,CARNMT1
A5YM72,CARNS1
P49589,CARS1
Q9HA77,CARS2
Q16568,CARTPT
Q6TDU7,CASC1
Q5T4H9,CASC10
Q6XLA1,CASC2
Q8IU53,CASC2
O15234,CASC3
Q6P4E1,CASC4
Q96PB1,CASD1
O14936,CASK
Q8WXD9,CASKIN1
Q8WXE0,CASKIN2
P29466,CASP1
Q92851,CASP10
Q6UXS9,CASP12
P31944,CASP14
P42575,CASP2
P42574,CASP3
P49662,CASP4
P51878,CASP5
P55212,CASP6
P55210,CASP7
Q14790,CASP8
Q9UKL3,CASP8AP2
P55211,CASP9
P31415,CASQ1
O14958,CASQ2
P41180,CASR
Q9NQ75,CASS4
P20810,CAST
Q8WTX7,CASTOR1
A6NHX0,CASTOR2
Q8NAP1,CASTOR3
Q86V15,CASZ1
P04040,CAT
Q7Z7H3,CATIP
Q13166,CATR1
Q8NEC5,CATSPER1
Q96P56,CATSPER2
Q86XQ3,CATSPER3
Q7RTX7,CATSPER4
Q9H7T0,CATSPERB
Q86XM0,CATSPERD
Q5SY80,CATSPERE
Q6ZRH7,CATSPERG
Q9NTU4,CATSPERZ
Q03135,CAV1
P51636,CAV2
P56539,CAV3
Q6NZI2,CAVIN1
O95810,CAVIN2
Q969G5,CAVIN3
Q5BKX8,CAVIN4
Q8N350,CBARP
O43439,CBFA2T2
O75081,CBFA2T3
Q13951,CBFB
P22681,CBL
Q13191,CBLB
Q9ULV8,CBLC
P27352,CBLIF
Q75N03,CBLL1
Q8N7E2,CBLL2
P23435,CBLN1
Q8IUK8,CBLN2
Q6UW01,CBLN3
Q9NTU7,CBLN4
P16152,CBR1
O75828,CBR3
Q8N4T8,CBR4
P35520,CBS
P0DN79,CBSL
Q9BRT8,CBWD1
Q8IUF1,CBWD2
Q5JTY5,CBWD3
Q5RIA9,CBWD5
Q4V339,CBWD6
P83916,CBX1
Q14781,CBX2
Q13185,CBX3
O00257,CBX4
P45973,CBX5
O95503,CBX6
O95931,CBX7
Q9HC52,CBX8
Q9Y3M2,CBY1
Q8NA61,CBY2
A6NI87,CBY3
Q6P1N0,CC2D1A
Q5T0F9,CC2D1B
Q9P2K1,CC2D2A
Q6DHV5,CC2D2B
Q8IX12,CCAR1
Q8N163,CCAR2
Q6UXH8,CCBE1
Q96A19,CCDC102A
Q68D86,CCDC102B
Q8IW40,CCDC103
Q8IYK2,CCDC105
Q9BWC9,CCDC106
Q8WV48,CCDC107
Q8TBZ0,CCDC110
Q8NEF3,CCDC112
Q9H0I3,CCDC113
Q96M63,CCDC114
Q96NT0,CCDC115
Q8IYX3,CCDC116
Q8IWD4,CCDC117
Q8WUD4,CCDC12
Q96HB5,CCDC120
Q6ZUS5,CCDC121
Q5T0U0,CCDC122
Q96CT7,CCDC124
Q86Z20,CCDC125
Q96EE4,CCDC126
Q96BQ5,CCDC127
Q8IYE1,CCDC13
P13994,CCDC130
Q9H6E4,CCDC134
Q96JN2,CCDC136
Q6PK04,CCDC137
Q96M89,CCDC138
Q49A88,CCDC14
Q96MF4,CCDC140
Q6ZP82,CCDC141
Q17RM4,CCDC142
A2RUR9,CCDC144A
Q3MJ40,CCDC144B
Q8IYA2,CCDC144CP
Q6NUI1,CCDC144NL
Q8IYE0,CCDC146
Q8NFR7,CCDC148
Q6ZUS6,CCDC149
Q0P6D6,CCDC15
Q8NCX0,CCDC150
A5D8V7,CCDC151
Q4G0S7,CCDC152
Q494R4,CCDC153
A6NI56,CCDC154
Q8N6L0,CCDC155
Q569K6,CCDC157
Q5M9N0,CCDC158
P0C7I6,CCDC159
A6NGH7,CCDC160
A0A0D9SF12,CCDC163
P0CW27,CCDC166
Q9P0B6,CCDC167
Q8NDH2,CCDC168
A6NNP5,CCDC169
Q96LX7,CCDC17
Q8IYT3,CCDC170
Q6TFL3,CCDC171
P0C7W6,CCDC172
Q0VFZ6,CCDC173
Q6PII3,CCDC174
P0C221,CCDC175
Q9NQR7,CCDC177
Q5BJE1,CCDC178
H3BU77,CCDC179
Q5T9S5,CCDC18
Q9P1Z9,CCDC180
Q5TID7,CCDC181
A6NF36,CCDC182
Q5T5S1,CCDC183
Q52MB2,CCDC184
Q8N715,CCDC185
Q7Z3E2,CCDC186
A0A096LP49,CCDC187
H7C350,CCDC188
A1A4V9,CCDC189
Q86UF4,CCDC190
Q8NCU4,CCDC191
P0DO97,CCDC192
A0A1B0GVG4,CCDC194
A0A1B0GUA6,CCDC195
A0A1B0GTZ2,CCDC196
Q8NCU1,CCDC197
Q9NVL8,CCDC198
A0A1B0GVQ3,CCDC200
A0A1B0GTI1,CCDC201
O60826,CCDC22
Q8N4L8,CCDC24
Q86WR0,CCDC25
Q8TAB7,CCDC26
Q2M243,CCDC27
Q8IWP9,CCDC28A
Q9BUN5,CCDC28B
Q9BQI4,CCDC3
Q5VVM6,CCDC30
Q9BV29,CCDC32
Q8N5R6,CCDC33
Q96HJ3,CCDC34
Q8IYA8,CCDC36
Q502W7,CCDC38
Q9UFE4,CCDC39
Q4G0X9,CCDC40
Q96M95,CCDC42
Q96MW1,CCDC43
Q96A33,CCDC47
Q8IVM0,CCDC50
Q96ER9,CCDC51
Q8NEL0,CCDC54
Q2TAC2,CCDC57
Q4VC31,CCDC58
Q9P031,CCDC59
Q16204,CCDC6
Q8IWA6,CCDC60
Q9Y6R9,CCDC61
Q6P9F0,CCDC62
Q8NA47,CCDC63
Q8IXS2,CCDC65
A2RUB6,CCDC66
Q9H2F9,CCDC68
A6NI79,CCDC69
Q96M83,CCDC7
Q6NSX1,CCDC70
Q8IV32,CCDC71
Q8N9Z2,CCDC71L
Q6ZRK6,CCDC73
Q96AQ1,CCDC74A
Q96LY2,CCDC74B
Q9BR77,CCDC77
A2IDD5,CCDC78
Q9H0W5,CCDC8
Q76M96,CCDC80
Q6ZN84,CCDC81
Q8N4S0,CCDC82
Q8IWF9,CCDC83
Q86UT8,CCDC84
Q96PX6,CCDC85A
Q15834,CCDC85B
A6NKD9,CCDC85C
Q9H6F5,CCDC86
Q9NVE4,CCDC87
Q3V6T2,CCDC88A
A6NC98,CCDC88B
Q9P219,CCDC88C
Q8N998,CCDC89
Q9Y3X0,CCDC9
Q9GZT6,CCDC90B
Q7Z6B0,CCDC91
Q53HC0,CCDC92
Q567U6,CCDC93
Q2M329,CCDC96
Q96F63,CCDC97
Q6ZUT6,CCDC9B
Q8TC90,CCER1
I3L3R5,CCER2
Q8TD31,CCHCR1
Q13939,CCIN
P06307,CCK
P32238,CCKAR
P32239,CCKBR
P22362,CCL1
P51671,CCL11
Q99616,CCL13
Q16627,CCL14
Q16663,CCL15
O15467,CCL16
Q92583,CCL17
P55774,CCL18
Q99731,CCL19
P13500,CCL2
P78556,CCL20
O00585,CCL21
O00626,CCL22
P55773,CCL23
O00175,CCL24
O15444,CCL25
Q9Y258,CCL26
Q9Y4X3,CCL27
Q9NRJ3,CCL28
P10147,CCL3
P16619,CCL3L1
P13236,CCL4
Q8NHW4,CCL4L1
P13501,CCL5
P80098,CCL7
P80075,CCL8
Q9BSQ5,CCM2
Q9NUG4,CCM2L
O00622,CCN1
P29279,CCN2
P48745,CCN3
O95388,CCN4
O76076,CCN5
O95389,CCN6
P78396,CCNA1
P20248,CCNA2
P14635,CCNB1
Q9NPC3,CCNB1IP1
O95067,CCNB2
Q8WWL7,CCNB3
P24863,CCNC
P24385,CCND1
P30279,CCND2
P30281,CCND3
O95273,CCNDBP1
P24864,CCNE1
O96020,CCNE2
P41002,CCNF
P51959,CCNG1
Q16589,CCNG2
P51946,CCNH
Q14094,CCNI
Q6ZMN8,CCNI2
Q5T5M9,CCNJ
Q8IV13,CCNJL
O75909,CCNK
Q9UK58,CCNL1
Q96S94,CCNL2
P22674,CCNO
Q8N1B3,CCNQ
O60563,CCNT1
O60583,CCNT2
Q8ND76,CCNY
Q8N7R7,CCNYL1
Q5T2Q4,CCNYL2
P0C7X3,CCNYL3
O43303,CCP110
Q9ULG6,CCPG1
P32246,CCR1
P46092,CCR10
P41597,CCR2
P51677,CCR3
P51679,CCR4
P51681,CCR5
P51684,CCR6
P32248,CCR7
P51685,CCR8
P51686,CCR9
O00421,CCRL2
O14618,CCS
Q6IQ19,CCSAP
Q9C0I3,CCSER1
Q9H7U1,CCSER2
Q4G0I0,CCSMST1
P78371,CCT2
P49368,CCT3
P50991,CCT4
P48643,CCT5
P40227,CCT6A
Q92526,CCT6B
Q99832,CCT7
P50990,CCT8
A6NM43,CCT8L1P
Q96SF2,CCT8L2
P86791,CCZ1
P86790,CCZ1B
Q93033,CD101
Q6YHK3,CD109
P08571,CD14
P48509,CD151
O95971,CD160
Q86VB7,CD163
Q9NR16,CD163L1
Q04900,CD164
Q6UWJ8,CD164L2
Q8N6Q3,CD177
Q99467,CD180
P15391,CD19
P06126,CD1A
P29016,CD1B
P29017,CD1C
P15813,CD1D
P15812,CD1E
P06729,CD2
P41217,CD200
Q8TD46,CD200R1
Q6Q8B3,CD200R1L
Q9UJ71,CD207
Q9NNX6,CD209
P20273,CD22
Q15762,CD226
P25063,CD24
Q9BZW8,CD244
P20963,CD247
Q9HCU0,CD248
P26842,CD27
Q9NZQ7,CD274
Q5ZPR3,CD276
P10747,CD28
Q9Y5K6,CD2AP
O95400,CD2BP2
Q9UGN4,CD300A
Q08708,CD300C
Q496F6,CD300E
A0A0K2S4Q6,CD300H
A8K4G0,CD300LB
Q6UXZ3,CD300LD
Q8TDQ1,CD300LF
Q6UXG3,CD300LG
Q8IX05,CD302
Q9NPF0,CD320
P20138,CD33
P28906,CD34
P16671,CD36
P11049,CD37
P28907,CD38
P04234,CD3D
P07766,CD3E
O15446,CD3EAP
P09693,CD3G
P01730,CD4
P25942,CD40
P29965,CD40LG
P16070,CD44
P15529,CD46
Q08722,CD47
P09326,CD48
P06127,CD5
P31358,CD52
P19397,CD53
P08174,CD55
P19256,CD58
P13987,CD59
O43866,CD5L
P30203,CD6
P08962,CD63
P34810,CD68
Q07108,CD69
P09564,CD7
P32970,CD70
P21854,CD72
P04233,CD74
P11912,CD79A
P40259,CD79B
P33681,CD80
P60033,CD81
P27701,CD82
Q01151,CD83
Q9UIB8,CD84
P42081,CD86
P01732,CD8A
P10966,CD8B
A6NJW9,CD8B2
P21926,CD9
Q9NPY3,CD93
P40200,CD96
P14209,CD99
Q8TCZ2,CD99L2
P32320,CDA
Q9BWV3,CDADC1
Q8IWY9,CDAN1
O75794,CDC123
Q9UNH5,CDC14A
O60729,CDC14B
A4D256,CDC14C
Q13042,CDC16
Q12834,CDC20
Q86Y33,CDC20B
Q9UJX2,CDC23
P30304,CDC25A
P30305,CDC25B
P30307,CDC25C
Q8NHZ8,CDC26
P30260,CDC27
P49427,CDC34
Q16543,CDC37
Q7L3B6,CDC37L1
O60508,CDC40
P60953,CDC42
Q5VT25,CDC42BPA
Q9Y5S2,CDC42BPB
Q6DT37,CDC42BPG
Q00587,CDC42EP1
O14613,CDC42EP2
Q9UKI2,CDC42EP3
Q9H3Q1,CDC42EP4
Q6NZY7,CDC42EP5
Q9NRR8,CDC42SE1
Q9NRR3,CDC42SE2
O75419,CDC45
Q99459,CDC5L
Q99741,CDC6
O00311,CDC7
Q6P1J9,CDC73
Q69YH5,CDCA2
Q99618,CDCA3
Q9BXL8,CDCA4
Q96FF9,CDCA5
Q9BWT1,CDCA7
Q96GN5,CDCA7L
Q53HL2,CDCA8
Q9H5V8,CDCP1
Q5VXM1,CDCP2
P12830,CDH1
Q9Y6N8,CDH10
P55287,CDH11
P55289,CDH12
P55290,CDH13
P55291,CDH15
O75309,CDH16
Q12864,CDH17
Q13634,CDH18
Q9H159,CDH19
P19022,CDH2
Q9HBT6,CDH20
Q9UJ99,CDH22
Q9H251,CDH23
Q86UP0,CDH24
Q8IXH8,CDH26
P22223,CDH3
P55283,CDH4
P33151,CDH5
P55285,CDH6
Q9ULB5,CDH7
P55286,CDH8
Q9ULB4,CDH9
Q96JP9,CDHR1
Q9BYE9,CDHR2
Q6ZTQ4,CDHR3
A6H8M9,CDHR4
Q9HBB8,CDHR5
Q9H305,CDIP1
O14735,CDIPT
P0DO92,CDIPTOSP
P06493,CDK1
Q15131,CDK10
Q9UQ88,CDK11A
P21127,CDK11B
Q9NYV4,CDK12
Q14004,CDK13
O94921,CDK14
Q96Q40,CDK15
Q00536,CDK16
Q00537,CDK17
Q07002,CDK18
Q9BWU1,CDK19
P24941,CDK2
Q8IZL9,CDK20
O14519,CDK2AP1
O75956,CDK2AP2
Q00526,CDK3
P11802,CDK4
Q00535,CDK5
Q15078,CDK5R1
Q13319,CDK5R2
Q96SZ6,CDK5RAP1
Q96SN8,CDK5RAP2
Q96JB5,CDK5RAP3
Q00534,CDK6
P50613,CDK7
P49336,CDK8
P50750,CDK9
Q5VV42,CDKAL1
Q00532,CDKL1
Q92772,CDKL2
Q8IVW4,CDKL3
Q5MAI5,CDKL4
O76039,CDKL5
P38936,CDKN1A
P46527,CDKN1B
P49918,CDKN1C
Q8N726,CDKN2A
P42771,CDKN2A
Q9UH64,CDKN2A-DT
Q9NXV6,CDKN2AIP
Q96HQ2,CDKN2AIPNL
P42772,CDKN2B
P42773,CDKN2C
P55273,CDKN2D
Q16667,CDKN3
Q49AH0,CDNF
Q16878,CDO1
Q4KMG0,CDON
Q6NVV7,CDPF1
P51861,CDR1
Q01850,CDR2
Q86X02,CDR2L
O95170,CDRT1
Q96T59,CDRT15
A8MXV6,CDRT15L2
Q8N9R6,CDRT4
Q92903,CDS1
O95674,CDS2
Q15517,CDSN
Q9H211,CDT1
Q9UKY7,CDV3
P47902,CDX1
Q99626,CDX2
O14627,CDX4
Q9Y6F8,CDY1
Q9Y6F7,CDY2A
Q9Y232,CDYL
Q8N8U2,CDYL2
P13688,CEACAM1
Q2WEN9,CEACAM16
A8MTB9,CEACAM18
Q7Z692,CEACAM19
Q6UY09,CEACAM20
Q3KPI0,CEACAM21
P40198,CEACAM3
O75871,CEACAM4
P06731,CEACAM5
P40199,CEACAM6
Q14002,CEACAM7
P31997,CEACAM8
P49715,CEBPA
P17676,CEBPB
P49716,CEBPD
Q15744,CEBPE
P53567,CEBPG
Q03701,CEBPZ
A8MTT3,CEBPZOS
Q9BXF3,CECR2
P0C854,CECR9
Q711Q0,CEFIP
P19835,CEL
Q9UNI1,CELA1
P08217,CELA2A
P08218,CELA2B
P09093,CELA3A
P08861,CELA3B
Q92879,CELF1
O95319,CELF2
Q8N7Q2,CELF2-AS1
Q5SZQ8,CELF3
Q9BZC1,CELF4
Q8N6W0,CELF5
Q96J87,CELF6
Q9NYQ6,CELSR1
Q9HCU4,CELSR2
Q9NYQ7,CELSR3
Q8WUJ3,CEMIP
Q9UHN6,CEMIP2
Q6PRD7,CEMP1
Q8N111,CEND1
P49450,CENPA
P07199,CENPB
B2RD01,CENPBD1
Q03188,CENPC
Q02224,CENPE
P49454,CENPF
Q9H3R5,CENPH
Q92674,CENPI
Q9HC77,CENPJ
Q9BS16,CENPK
Q8N0S6,CENPL
Q9NSP4,CENPM
Q96H22,CENPN
Q9BU64,CENPO
Q6IPU0,CENPP
Q7L2Z9,CENPQ
Q8N2Z9,CENPS
Q96BT3,CENPT
Q71F23,CENPU
Q7Z7K6,CENPV
A0A0U1RR11,CENPVL1
P0DPI3,CENPVL2
A0A0U1RRI6,CENPVL3
Q5EE01,CENPW
A8MT69,CENPX
O60308,CEP104
Q8N8E3,CEP112
Q8N960,CEP120
Q9P2H0,CEP126
Q6ZU80,CEP128
Q9UPN4,CEP131
Q66GS9,CEP135
O94986,CEP152
Q5TB80,CEP162
Q9UPV0,CEP164
Q5SW79,CEP170
Q9Y4F5,CEP170B
Q96L14,CEP170P1
Q96LK0,CEP19
Q8TEP8,CEP192
Q9BV73,CEP250
O15078,CEP290
Q9C0D2,CEP295
Q96MC4,CEP295NL
Q5VT06,CEP350
Q9BYV8,CEP41
Q9C0F1,CEP44
Q53EZ4,CEP55
Q86XR8,CEP57
Q8IYX8,CEP57L1
Q96MT8,CEP63
Q76N32,CEP68
Q8NHQ1,CEP70
Q9P209,CEP72
Q8TAP6,CEP76
Q5JTW2,CEP78
Q9Y592,CEP83
Q6P2H3,CEP85
Q5SZL2,CEP85L
Q96ST8,CEP89
Q96GE4,CEP95
Q8IW35,CEP97
Q9Y6K0,CEPT1
O95813,CER1
Q5T4B2,CERCAM
Q8TCT0,CERK
Q49MI3,CERKL
P27544,CERS1
Q96G23,CERS2
Q8IU89,CERS3
Q9HA82,CERS4
Q8N5B7,CERS5
Q6ZMG9,CERS6
Q9Y5P4,CERT1
P23141,CES1
Q9UKY3,CES1P1
O00748,CES2
Q6UWW8,CES3
Q5XG92,CES4A
Q6NT32,CES5A
Q12798,CETN1
P41208,CETN2
O15182,CETN3
P11597,CETP
Q494V2,CFAP100
Q5VTH2,CFAP126
Q5JU67,CFAP157
Q6P656,CFAP161
Q9Y6A4,CFAP20
Q8IYR0,CFAP206
Q4G0U5,CFAP221
P57076,CFAP298
Q6V702,CFAP299
Q9BRQ4,CFAP300
Q96G28,CFAP36
O43822,CFAP410
Q8NDM7,CFAP43
Q96MT7,CFAP44
Q9UL16,CFAP45
Q8IYW2,CFAP46
Q6ZTR5,CFAP47
Q8N1V2,CFAP52
Q96M91,CFAP53
Q96N23,CFAP54
Q96MR6,CFAP57
Q5T655,CFAP58
Q8NHU2,CFAP61
Q6ZU64,CFAP65
A5D8W1,CFAP69
Q5T0N1,CFAP70
A6NFT4,CFAP73
Q9C0B2,CFAP74
Q6ZQR2,CFAP77
Q9P2B7,CFAP97
B2RV13,CFAP97D1
A0A1B0GU71,CFAP97D2
D6REC4,CFAP99
P00751,CFB
P0CG37,CFC1
P0CG36,CFC1B
P00746,CFD
Q9UEE9,CFDP1
P08603,CFH
Q03591,CFHR1
P36980,CFHR2
Q02985,CFHR3
Q92496,CFHR4
Q9BXR6,CFHR5
P05156,CFI
P23528,CFL1
Q9Y281,CFL2
O15519,CFLAR
P27918,CFP
P13569,CFTR
P01215,CGA
Q8N884,CGAS
A6NKQ9,CGB1
Q6NT52,CGB2
P0DN86,CGB3
P0DN87,CGB7
Q9UFW8,CGGBP1
Q9P2M7,CGN
Q0VF96,CGNL1
Q99674,CGREF1
Q99675,CGRRF1
O95992,CH25H
Q9BUX1,CHAC1
Q8WUX2,CHAC2
O15335,CHAD
Q6NUI6,CHADL
Q13111,CHAF1A
Q13112,CHAF1B
Q96JM3,CHAMP1
P28329,CHAT
Q96BP2,CHCHD1
Q8WYQ3,CHCHD10
Q9Y6H1,CHCHD2
Q5T1J5,CHCHD2P9
Q9NX63,CHCHD3
Q8N4Q1,CHCHD4
Q9BSY4,CHCHD5
Q9BRQ6,CHCHD6
Q9BUK0,CHCHD7
O14646,CHD1
Q86WJ1,CHD1L
O14647,CHD2
Q12873,CHD3
Q14839,CHD4
Q8TDI0,CHD5
Q8TD26,CHD6
Q9P2D1,CHD7
Q9HCK8,CHD8
Q3L8U1,CHD9
Q8NE62,CHDH
O14757,CHEK1
O96017,CHEK2
Q8IWX8,CHERP
Q96EP1,CHFR
P10645,CHGA
P05060,CHGB
P36222,CHI3L1
Q15782,CHI3L2
Q9BZP6,CHIA
Q5VXU3,CHIC1
Q9UKJ5,CHIC2
Q9BWS9,CHID1
Q13231,CHIT1
P35790,CHKA
Q9Y259,CHKB
O00533,CHL1
P24386,CHM
P26374,CHML
Q9HD42,CHMP1A
Q7LBR1,CHMP1B
O43633,CHMP2A
Q9UQN3,CHMP2B
Q9Y3E7,CHMP3
Q9BY43,CHMP4A
Q9H444,CHMP4B
P59074,CHMP4BP1
Q96CF2,CHMP4C
Q9NZZ3,CHMP5
Q96FZ7,CHMP6
Q8WUX9,CHMP7
P15882,CHN1
P52757,CHN2
Q9H9P2,CHODL
Q9UHD1,CHORDC1
Q99653,CHP1
O43745,CHP2
Q8IZ52,CHPF
Q9P2E5,CHPF2
Q8WUD6,CHPT1
Q9NRG0,CHRAC1
Q9H2X0,CHRD
Q9BU40,CHRDL1
Q6WN34,CHRDL2
Q494W8,CHRFAM7A
P11229,CHRM1
P08172,CHRM2
P20309,CHRM3
P08173,CHRM4
P08912,CHRM5
P02708,CHRNA1
Q9GZZ6,CHRNA10
Q15822,CHRNA2
P32297,CHRNA3
P43681,CHRNA4
P30532,CHRNA5
Q15825,CHRNA6
P36544,CHRNA7
Q9UGM1,CHRNA9
P11230,CHRNB1
P17787,CHRNB2
Q05901,CHRNB3
P30926,CHRNB4
Q07001,CHRND
Q04844,CHRNE
P07510,CHRNG
O43916,CHST1
O43529,CHST10
Q9NPF2,CHST11
Q9NRB3,CHST12
Q8NET6,CHST13
Q8NCH0,CHST14
Q7LFX5,CHST15
Q9Y4C5,CHST2
Q7LGC8,CHST3
Q8NCG5,CHST4
Q9GZS9,CHST5
Q9GZX3,CHST6
Q9NS84,CHST7
Q9H2A9,CHST8
Q7L1S5,CHST9
Q86X52,CHSY1
Q70JA7,CHSY3
Q8WVB6,CHTF18
P0CG13,CHTF8
Q9Y3Y2,CHTOP
O15111,CHUK
Q8WUH1,CHURC1
O76071,CIAO1
Q9H5X1,CIAO2A
Q9Y3D0,CIAO2B
Q9H6Q4,CIAO3
Q6FI81,CIAPIN1
Q8N365,CIART
Q99828,CIB1
O75838,CIB2
Q96Q77,CIB3
A0PJX0,CIB4
Q96RK0,CIC
O60543,CIDEA
Q9UHD4,CIDEB
Q96AQ7,CIDEC
P33076,CIITA
Q9UPZ9,CILK1
O75339,CILP
Q8IUL8,CILP2
Q9BW66,CINP
Q8TCG1,CIP2A
Q9C0C6,CIPC
Q86X95,CIR1
Q14011,CIRBP
Q8TBR5,CIRBP-AS1
Q9NZ45,CISD1
Q8N5K1,CISD2
P0C7P0,CISD3
Q9NSE2,CISH
O14578,CIT
Q99966,CITED1
Q99967,CITED2
Q96RK1,CITED4
Q9ULV3,CIZ1
Q8WWK9,CKAP2
Q8IYA6,CKAP2L
Q07065,CKAP4
Q14008,CKAP5
P12277,CKB
Q9UBR5,CKLF
P06732,CKM
P12532,CKMT1A
P17540,CKMT2
P61024,CKS1B
P33552,CKS2
Q7Z460,CLASP1
O75122,CLASP2
Q8N2M8,CLASRP
Q96F83,CLBA1
Q05315,CLC
A8K7I4,CLCA1
Q9UQC9,CLCA2
Q9Y6N3,CLCA3P
Q14CN2,CLCA4
Q96S66,CLCC1
Q9UBD9,CLCF1
P35523,CLCN1
P51788,CLCN2
P51790,CLCN3
P51793,CLCN4
P51795,CLCN5
P51797,CLCN6
P51798,CLCN7
P51800,CLCNKA
P51801,CLCNKB
O95832,CLDN1
P78369,CLDN10
O75508,CLDN11
P56749,CLDN12
O95500,CLDN14
P56746,CLDN15
Q9Y5I7,CLDN16
P56750,CLDN17
P56856,CLDN18
Q8N6F1,CLDN19
P57739,CLDN2
P56880,CLDN20
Q8N7P3,CLDN22
Q96B33,CLDN23
A6NM45,CLDN24
C9JDP6,CLDN25
O15551,CLDN3
H7C241,CLDN34
O14493,CLDN4
O00501,CLDN5
P56747,CLDN6
O95471,CLDN7
P56748,CLDN8
O95484,CLDN9
Q9NY35,CLDND1
Q8NHS1,CLDND2
Q8IUN9,CLEC10A
Q9Y240,CLEC11A
Q5QGZ9,CLEC12A
Q2HXU8,CLEC12B
Q86T13,CLEC14A
Q2KHT3,CLEC16A
Q6ZS10,CLEC17A
A5D8T8,CLEC18A
Q6UXF7,CLEC18B
Q8NCF0,CLEC18C
Q6UXS0,CLEC19A
Q8NC01,CLEC1A
Q9P126,CLEC1B
Q6ZU45,CLEC20A
Q6UVW9,CLEC2A
Q92478,CLEC2B
Q9UHP7,CLEC2D
P0C7M8,CLEC2L
O75596,CLEC3A
P05452,CLEC3B
Q9UMR7,CLEC4A
Q8WTT0,CLEC4C
Q8WXI8,CLEC4D
Q9ULY5,CLEC4E
Q8N1N0,CLEC4F
Q6UXB4,CLEC4G
Q9H2X3,CLEC4M
Q9NY25,CLEC5A
Q6EIG7,CLEC6A
Q9BXN2,CLEC7A
Q6UXN8,CLEC9A
Q8IZS7,CLECL1
O14967,CLGN
Q8NHS4,CLHC1
O00299,CLIC1
O15247,CLIC2
O95833,CLIC3
Q9Y696,CLIC4
Q9NZA1,CLIC5
Q96NY7,CLIC6
Q14677,CLINT1
P30622,CLIP1
Q9UDT6,CLIP2
Q96DZ5,CLIP3
Q8N3C7,CLIP4
P49759,CLK1
P49760,CLK2
P49761,CLK3
Q9HAZ1,CLK4
Q5K131,CLLU1
Q5K130,CLLU1OS
Q96JQ2,CLMN
Q9H6B4,CLMP
Q13286,CLN3
O75503,CLN5
Q9NWW5,CLN6
Q9UBY8,CLN8
Q7Z7G1,CLNK
P54105,CLNS1A
O15516,CLOCK
Q92989,CLP1
Q9H078,CLPB
Q16740,CLPP
P04118,CLPS
A2RUU4,CLPSL1
Q6UWE3,CLPSL2
O96005,CLPTM1
Q96KA5,CLPTM1L
O76031,CLPX
P58418,CLRN1
A0PK11,CLRN2
Q8NCR9,CLRN3
Q9HAW4,CLSPN
O94985,CLSTN1
Q9H4D0,CLSTN2
Q9BQT9,CLSTN3
P09496,CLTA
P09497,CLTB
Q00610,CLTC
P53675,CLTCL1
Q9HBJ8,CLTRN
P10909,CLU
Q96AJ1,CLUAP1
O75153,CLUH
Q96NS8,CLUHP3
Q15846,CLUL1
Q8IUQ0,CLVS1
Q5SYC1,CLVS2
Q8N0X4,CLYBL
P23946,CMA1
Q9Y471,CMAHP
Q8NFW8,CMAS
Q96DG6,CMBL
Q7Z7K0,CMC1
Q9NRP2,CMC2
P56277,CMC4
Q8IY22,CMIP
Q99788,CMKLR1
P30085,CMPK1
Q5EBM0,CMPK2
Q9BQ75,CMSS1
Q8IZ96,CMTM1
Q8TAZ6,CMTM2
Q96MX0,CMTM3
Q8IZR5,CMTM4
Q96DZ9,CMTM5
Q9NX76,CMTM6
Q96FZ5,CMTM7
Q8IZV2,CMTM8
Q8N1G2,CMTR1
Q8IYT2,CMTR2
Q8N3K9,CMYA5
Q8NA66,CNBD1
Q96M20,CNBD2
P62633,CNBP
Q96KN2,CNDP1
Q96KP4,CNDP2
Q8N9A8,CNEP1R1
Q9BYD5,CNFN
P29973,CNGA1
Q16280,CNGA2
Q16281,CNGA3
Q8IV77,CNGA4
Q14028,CNGB1
Q9NQW8,CNGB3
O95406,CNIH1
Q6PI25,CNIH2
Q8TBE1,CNIH3
Q9P003,CNIH4
G9CGD6,CNK3/IPCEF1
Q969H4,CNKSR1
Q8WXI2,CNKSR2
Q6P9H4,CNKSR3
O75829,CNMD
P51911,CNN1
Q99439,CNN2
Q15417,CNN3
Q9NRU3,CNNM1
Q9H8M5,CNNM2
Q8NE01,CNNM3
Q6P4Q7,CNNM4
A5YKK6,CNOT1
Q9H9A5,CNOT10
Q9UKZ1,CNOT11
Q9NZN8,CNOT2
O75175,CNOT3
O95628,CNOT4
Q9ULM6,CNOT6
Q96LI5,CNOT6L
Q9UIV1,CNOT7
Q9UFF9,CNOT8
Q92600,CNOT9
P09543,CNP
Q9BV87,CNPPD1
Q3B7I2,CNPY1
Q9Y2B0,CNPY2
Q9BT09,CNPY3
Q8N129,CNPY4
P21554,CNR1
P34972,CNR2
Q96F85,CNRIP1
Q6PJW8,CNST
Q8N815,CNTD1
Q9H8S5,CNTD2
P26441,CNTF
P26992,CNTFR
Q9NXG0,CNTLN
Q12860,CNTN1
Q02246,CNTN2
Q9P232,CNTN3
Q8IWV2,CNTN4
O94779,CNTN5
Q9UQ52,CNTN6
P78357,CNTNAP1
Q9UHC6,CNTNAP2
Q9BZ76,CNTNAP3
Q96NU0,CNTNAP3B
Q9C0A0,CNTNAP4
Q8WYK1,CNTNAP5
Q7Z7A1,CNTRL
Q8N137,CNTROB
Q9GZY4,COA1
Q9Y2R0,COA3
Q9NYJ1,COA4
Q86WW8,COA5
Q5JTJ3,COA6
Q96BR5,COA7
Q96IL0,COA8
Q13057,COASY
O75128,COBL
Q53SF7,COBLL1
O43405,COCH
Q8WTW3,COG1
Q14746,COG2
Q96JB2,COG3
Q9H9E3,COG4
Q9UP83,COG5
Q9Y2V7,COG6
P83436,COG7
Q96MW5,COG8
P38432,COIL
Q03692,COL10A1
P12107,COL11A1
P13942,COL11A2
Q99715,COL12A1
Q5TAT6,COL13A1
Q05707,COL14A1
P39059,COL15A1
Q07092,COL16A1
Q9UMD9,COL17A1
P39060,COL18A1
Q14993,COL19A1
P02452,COL1A1
P08123,COL1A2
Q9P218,COL20A1
Q96P44,COL21A1
Q8NFW1,COL22A1
Q86Y22,COL23A1
Q17RW2,COL24A1
Q9BXS0,COL25A1
Q96A83,COL26A1
Q8IZC6,COL27A1
Q2UY09,COL28A1
P02458,COL2A1
P02461,COL3A1
P02462,COL4A1
P08572,COL4A2
Q01955,COL4A3
P53420,COL4A4
P29400,COL4A5
Q14031,COL4A6
P20908,COL5A1
Q5SY13,COL5A1-AS1
P05997,COL5A2
P25940,COL5A3
P12109,COL6A1
P12110,COL6A2
P12111,COL6A3
A8TX70,COL6A5
A6NMZ7,COL6A6
Q02388,COL7A1
P27658,COL8A1
P25067,COL8A2
P20849,COL9A1
Q14055,COL9A2
Q14050,COL9A3
Q6ZS62,COLCA1
A8K830,COLCA2
Q9Y6Z7,COLEC10
Q9BWP8,COLEC11
Q5KU26,COLEC12
Q8NBJ5,COLGALT1
Q8IYK4,COLGALT2
Q9Y215,COLQ
Q8N668,COMMD1
Q9Y6G5,COMMD10
Q86X83,COMMD2
Q9UBI1,COMMD3
Q9H0A8,COMMD4
Q9GZQ3,COMMD5
Q7Z4G1,COMMD6
Q86VX2,COMMD7
Q9NX08,COMMD8
Q9P000,COMMD9
P49747,COMP
P21964,COMT
Q86VU5,COMTD1
Q8NHY2,COP1
P53621,COPA
P53618,COPB1
P35606,COPB2
O14579,COPE
Q9Y678,COPG1
Q9UBF2,COPG2
Q9NQ92,COPRS
P61201,COPS2
Q9UNS2,COPS3
Q9BT78,COPS4
Q92905,COPS5
Q7L5N1,COPS6
Q9UBW8,COPS7A
Q9H9Q2,COPS7B
Q99627,COPS8
Q8WXC6,COPS9
P61923,COPZ1
Q9P299,COPZ2
Q96MF6,COQ10A
Q9H8M1,COQ10B
Q96H96,COQ2
Q9NZJ6,COQ3
Q9Y3A0,COQ4
Q5HYK3,COQ5
Q9Y2Z9,COQ6
Q99807,COQ7
Q8NI60,COQ8A
Q96D53,COQ8B
O75208,COQ9
Q9Y5Q5,CORIN
P31146,CORO1A
Q9BR76,CORO1B
Q9ULV4,CORO1C
Q92828,CORO2A
Q9UQ03,CORO2B
Q6QEF8,CORO6
P57737,CORO7
O00230,CORT
Q14019,COTL1
Q12887,COX10
Q9Y6N1,COX11
Q96I36,COX14
Q7KZN9,COX15
Q9P0S2,COX16
Q14061,COX17
Q8N8Q8,COX18
Q49B96,COX19
Q5RI15,COX20
P13073,COX4I1
Q96KJ9,COX4I2
P20674,COX5A
P10606,COX5B
P12074,COX6A1
Q02221,COX6A2
P14854,COX6B1
Q6YFQ2,COX6B2
P09669,COX6C
P24310,COX7A1
P14406,COX7A2
O14548,COX7A2L
O60397,COX7A2P2
P24311,COX7B
Q8TF08,COX7B2
P15954,COX7C
P10176,COX8A
Q7Z4L0,COX8C
P00450,CP
P15085,CPA1
P48052,CPA2
P15088,CPA3
Q9UI42,CPA4
Q8WXQ8,CPA5
Q8N4T0,CPA6
Q8IZJ3,CPAMD8
P15086,CPB1
Q96IY4,CPB2
O75976,CPD
P16870,CPE
Q9BZB8,CPEB1
Q7Z5Q1,CPEB2
Q8NE35,CPEB3
Q17RY0,CPEB4
A4D0V7,CPED1
A0A1W2PPM1,CPHXL
Q9H799,CPLANE1
Q9BU20,CPLANE2
O14810,CPLX1
Q6PUV4,CPLX2
Q8WVH0,CPLX3
Q7Z7G2,CPLX4
P14384,CPM
P15169,CPN1
P22792,CPN2
Q99829,CPNE1
Q96FN4,CPNE2
O75131,CPNE3
Q96A23,CPNE4
Q9HCH3,CPNE5
O95741,CPNE6
Q9UBL6,CPNE7
Q86YQ8,CPNE8
Q8IYJ1,CPNE9
Q8IVL8,CPO
P36551,CPOX
Q9BRF8,CPPED1
Q9Y646,CPQ
P31327,CPS1
Q10570,CPSF1
Q9P2I0,CPSF2
Q9UKF6,CPSF3
O95639,CPSF4
A6NMK7,CPSF4L
Q16630,CPSF6
Q8N684,CPSF7
P50416,CPT1A
Q92523,CPT1B
Q8TCG5,CPT1C
P23786,CPT2
Q5TA50,CPTP
Q9H3G5,CPVL
Q8N123,CPXCR1
Q96SM3,CPXM1
Q8N436,CPXM2
Q66K79,CPZ
P17927,CR1
Q2VPA4,CR1L
P20023,CR2
P29762,CRABP1
P29373,CRABP2
Q6ZU35,CRACD
Q9BSW2,CRACR2A
Q8N4Y2,CRACR2B
P78560,CRADD
Q96RY5,CRAMP1
P43155,CRAT
P82279,CRB1
Q5IJ48,CRB2
Q9BUF7,CRB3
Q96SW2,CRBN
O75575,CRCP
Q9UGL9,CRCT1
P16220,CREB1
O43889,CREB3
Q96BA8,CREB3L1
Q70SY1,CREB3L2
Q68CJ9,CREB3L3
Q8TEY5,CREB3L4
Q02930,CREB5
Q92793,CREBBP
O60519,CREBL2
Q8IUR6,CREBRF
Q9NS37,CREBZF
O75629,CREG1
Q8IUH2,CREG2
Q96HD1,CRELD1
Q6UXH1,CRELD2
Q03060,CREM
P06850,CRH
P24387,CRHBP
P34998,CRHR1
Q13324,CRHR2
Q9NZV1,CRIM1
P50238,CRIP1
P52943,CRIP2
Q6Q6R5,CRIP3
Q8N1N5,CRIPAK
Q9P021,CRIPT
P54107,CRISP1
P16562,CRISP2
P54108,CRISP3
Q9H336,CRISPLD1
Q9H0B8,CRISPLD2
P46108,CRK
P46109,CRKL
O75462,CRLF1
Q9HC73,CRLF2
Q8IUI8,CRLF3
Q9UJA2,CRLS1
Q14194,CRMP1
Q9BZJ0,CRNKL1
Q9UBG3,CRNN
Q5TZA2,CROCC
H7BZ55,CROCC2
Q86T23,CROCCP2
Q8IVE0,CROCCP3
Q9UKG9,CROT
P02741,CRP
A4D126,CRPPA
Q9NQ79,CRTAC1
O95727,CRTAM
O75718,CRTAP
Q6UUV9,CRTC1
Q53ET0,CRTC2
Q6UUV7,CRTC3
O43186,CRX
Q16526,CRY1
Q49AN0,CRY2
P02489,CRYAA
A0A140G945,CRYAA2
P02511,CRYAB
P05813,CRYBA1
P53672,CRYBA2
P53673,CRYBA4
P53674,CRYBB1
P43320,CRYBB2
P26998,CRYBB3
Q9Y4K1,CRYBG1
Q8N1P7,CRYBG2
Q68DQ2,CRYBG3
P11844,CRYGA
P07316,CRYGB
P07315,CRYGC
P07320,CRYGD
Q8WXF5,CRYGN
P22914,CRYGS
Q9Y2S2,CRYL1
Q14894,CRYM
A6NIL9,CRYM-AS1
Q08257,CRYZ
O95825,CRYZL1
O75390,CS
Q9Y600,CSAD
Q6PB30,CSAG1
Q9Y5P2,CSAG2
Q9Y534,CSDC2
O75534,CSDE1
P55060,CSE1L
P09603,CSF1
P07333,CSF1R
P04141,CSF2
P15509,CSF2RA
P32927,CSF2RB
P09919,CSF3
Q99062,CSF3R
Q8TDX6,CSGALNACT1
Q8N6G5,CSGALNACT2
P0DML2,CSH1
P0DML3,CSH2
Q14406,CSHL1
P41240,CSK
A8MUP2,CSKMT
Q96PZ7,CSMD1
Q7Z408,CSMD2
Q7Z407,CSMD3
P47710,CSN1S1
P05814,CSN2
P07498,CSN3
P48729,CSNK1A1
Q8N752,CSNK1A1L
P48730,CSNK1D
P49674,CSNK1E
Q9HCP0,CSNK1G1
P78368,CSNK1G2
Q8NCQ2,CSNK1G2-AS1
Q9Y6M4,CSNK1G3
P68400,CSNK2A1
P19784,CSNK2A2
Q8NEV1,CSNK2A3
P67870,CSNK2B
A0A1B0GTH6,CSNKA2IP
Q6UVK1,CSPG4
O95196,CSPG5
Q1MSJ5,CSPP1
Q96S65,CSRNP1
Q9H175,CSRNP2
Q8WYN3,CSRNP3
P21291,CSRP1
Q16527,CSRP2
P50461,CSRP3
P01037,CST1
Q9H112,CST11
P09228,CST2
P01034,CST3
P01036,CST4
P28325,CST5
Q15828,CST6
O76096,CST7
O60676,CST8
Q5W186,CST9
Q9H4G1,CST9L
Q5W188,CST9LP1
P01040,CSTA
P04080,CSTB
Q05048,CSTF1
P33240,CSTF2
Q9H0L4,CSTF2T
Q12996,CSTF3
Q9H114,CSTL1
Q5HYN5,CT45A1
P0DMU9,CT45A10
Q5DJT8,CT45A2
Q8NHU0,CT45A3
P0DMU8,CT45A5
P0DMU7,CT45A6
P0DMV0,CT45A7
P0DMV1,CT45A8
P0DMV2,CT45A9
Q5JQC4,CT47A1
P0C2W7,CT47B1
Q8WUE5,CT55
P0C5K7,CT62
Q5H943,CT83
P78358,CTAG1A
O75638,CTAG2
Q9HC47,CTAGE1
Q96RT6,CTAGE1
A4D2H0,CTAGE15
Q8IX95,CTAGE3P
Q8IX94,CTAGE4
Q86UF2,CTAGE6
P0CG41,CTAGE8
A4FU28,CTAGE9
Q13363,CTBP1
P56545,CTBP2
Q01459,CTBS
Q2NKJ3,CTC1
P49711,CTCF
Q8NI51,CTCFL
O95476,CTDNEP1
Q9Y5B0,CTDP1
Q9GZU7,CTDSP1
O14595,CTDSP2
O15194,CTDSPL
Q05D32,CTDSPL2
Q16619,CTF1
P32929,CTH
Q96CG8,CTHRC1
O43310,CTIF
P16410,CTLA4
P35221,CTNNA1
P26232,CTNNA2
Q9UI47,CTNNA3
Q9UBT7,CTNNAL1
P35222,CTNNB1
Q9NSA3,CTNNBIP1
Q8WYA6,CTNNBL1
O60716,CTNND1
Q9UQB3,CTNND2
O60931,CTNS
P17812,CTPS1
Q9NRF8,CTPS2
Q6PD62,CTR9
P17538,CTRB1
Q6GPI1,CTRB2
Q99895,CTRC
P40313,CTRL
P10619,CTSA
P07858,CTSB
P53634,CTSC
P07339,CTSD
P14091,CTSE
Q9UBX1,CTSF
P08311,CTSG
P09668,CTSH
P43235,CTSK
P07711,CTSL
Q5NE16,CTSL3P
P43234,CTSO
P25774,CTSS
O60911,CTSV
P56202,CTSW
Q9UBR2,CTSZ
Q14247,CTTN
Q8WZ74,CTTNBP2
Q9P2B4,CTTNBP2NL
Q7Z7A3,CTU1
Q2VPK5,CTU2
P60606,CTXN1
P0C2S0,CTXN2
Q4LDR2,CTXN3
A0A1B0GTU2,CTXND1
A0A1B0GV90,CTXND2
O60494,CUBN
Q9NWM3,CUEDC1
Q9H467,CUEDC2
Q13616,CUL1
Q13617,CUL2
Q13618,CUL3
Q13619,CUL4A
Q13620,CUL4B
Q93034,CUL5
Q14999,CUL7
Q8IWT3,CUL9
Q96C57,CUSTOS
O60888,CUTA
Q9NTM9,CUTC
P39880,CUX1
Q13948,CUX1
O14529,CUX2
Q86UP6,CUZD1
Q9P013,CWC15
Q9HCG8,CWC22
Q9NXE8,CWC25
Q6UX04,CWC27
Q69YN2,CWF19L1
Q2TBE0,CWF19L2
Q9H720,CWH43
P78423,CX3CL1
P49238,CX3CR1
P78310,CXADR
P09341,CXCL1
P02778,CXCL10
O14625,CXCL11
P48061,CXCL12
O43927,CXCL13
O95715,CXCL14
Q9H2A7,CXCL16
Q6UXB2,CXCL17
P19875,CXCL2
P19876,CXCL3
P42830,CXCL5
P80162,CXCL6
P10145,CXCL8
Q07325,CXCL9
P25024,CXCR1
P25025,CXCR2
P49682,CXCR3
P61073,CXCR4
P32302,CXCR5
O00574,CXCR6
O96002,CXorf1
Q9HAI6,CXorf21
Q8TB03,CXorf38
A8MYA2,CXorf49;
A0A1B0GTR3,CXorf51A
P0DPH9,CXorf51B
Q9H5V9,CXorf56
Q96LI9,CXorf58
A6NEN9,CXorf65
Q5JRM2,CXorf66
Q9P0U4,CXXC1
Q9H2H0,CXXC4
Q7LFL8,CXXC5
P49447,CYB561
Q8NBI2,CYB561A3
Q8N8Q1,CYB561D1
O14569,CYB561D2
P00167,CYB5A
O43169,CYB5B
Q6P9G0,CYB5D1
Q8WUJ1,CYB5D2
Q9UHQ9,CYB5R1
Q6BCY4,CYB5R2
P00387,CYB5R3
Q7L1T6,CYB5R4
Q6IPT4,CYB5RL
P13498,CYBA
P04839,CYBB
Q9BQA9,CYBC1
Q53TN4,CYBRD1
P08574,CYC1
P99999,CYCS
Q7L576,CYFIP1
Q96F07,CYFIP2
Q8WWM9,CYGB
Q6ZMK1,CYHR1
P35663,CYLC1
Q14093,CYLC2
Q9NQC7,CYLD
P05108,CYP11A1
P15538,CYP11B1
P19099,CYP11B2
P05093,CYP17A1
P11511,CYP19A1
P04798,CYP1A1
P05177,CYP1A2
Q16678,CYP1B1
Q6UW02,CYP20A1
P08686,CYP21A2
Q07973,CYP24A1
O43174,CYP26A1
Q9NR63,CYP26B1
Q6V0L0,CYP26C1
Q02318,CYP27A1
O15528,CYP27B1
Q4G0S4,CYP27C1
Q16696,CYP2A13
P11509,CYP2A6
P20853,CYP2A7
P20813,CYP2B6
P33260,CYP2C18
P33261,CYP2C19
P10632,CYP2C8
P11712,CYP2C9
P10635,CYP2D6
A0A087X1C5,CYP2D7
P05181,CYP2E1
P24903,CYP2F1
Q6ZSU1,CYP2G1P
P51589,CYP2J2
Q6VVX0,CYP2R1
Q96SQ9,CYP2S1
Q7Z449,CYP2U1
Q8TAV3,CYP2W1
Q9NYL5,CYP39A1
P08684,CYP3A4
Q9HB55,CYP3A43
P20815,CYP3A5
P24462,CYP3A7
Q9Y6A2,CYP46A1
Q02928,CYP4A11
Q5TCH4,CYP4A22
P13584,CYP4B1
Q9HBI6,CYP4F11
Q9HCS2,CYP4F12
P78329,CYP4F2
Q6NT55,CYP4F22
Q08477,CYP4F3
Q9H0H9,CYP4F30P
P98187,CYP4F8
Q6ZWL3,CYP4V2
Q8N118,CYP4X1
Q86W10,CYP4Z1
Q8N1L4,CYP4Z2P
Q16850,CYP51A1
P22680,CYP7A1
O75881,CYP7B1
Q9UNU6,CYP8B1
Q9BWK5,CYREN
Q9H0Q0,CYRIA
Q9NUQ9,CYRIB
Q717R9,CYS1
Q9Y271,CYSLTR1
Q9NS75,CYSLTR2
A8MQ03,CYSRT1
Q9H1C7,CYSTM1
Q15438,CYTH1
Q99418,CYTH2
O43739,CYTH3
Q9UIA0,CYTH4
O60759,CYTIP
Q9NRR1,CYTL1
Q96J86,CYYR1
Q9NWV4,CZIB
Q8N465,D2HGDH
Q9Y4D1,DAAM1
Q86T65,DAAM2
O75553,DAB1
P98082,DAB2
Q5VWQ8,DAB2IP
Q9UI36,DACH1
Q96NX9,DACH2
Q9NYF0,DACT1
Q5SW24,DACT2
Q96B18,DACT3
P61803,DAD1
Q14118,DAG1
Q9Y4D2,DAGLA
Q8NCG7,DAGLB
Q5D0E6,DALRD3
P0C864,DANCR
Q8N907,DAND5
P14920,DAO
P59103,DAOA
P51397,DAP
P51398,DAP3
P53355,DAPK1
Q9UIK4,DAPK2
O43293,DAPK3
A0PJW8,DAPL1
Q9UN19,DAPP1
P14868,DARS1
Q6PI48,DARS2
Q8N136,DAW1
Q9UER7,DAXX
Q9NQZ3,DAZ1
Q13117,DAZ2
Q9NR90,DAZ3
Q86SG3,DAZ4
Q96EP5,DAZAP1
Q15038,DAZAP2
Q92904,DAZL
Q9UBU7,DBF4
Q8NFT6,DBF4B
P09172,DBH
P07108,DBI
Q16643,DBN1
Q9H9R9,DBNDD1
Q9BQY9,DBNDD2
Q9UJU6,DBNL
Q10586,DBP
Q9UK59,DBR1
P11182,DBT
A6NMT0,DBX1
Q6ZNG2,DBX2
Q9Y4B6,DCAF1
Q5QP82,DCAF10
Q8TEB1,DCAF11
Q5T6F0,DCAF12
Q5VU92,DCAF12L1
Q5VW00,DCAF12L2
Q9NV06,DCAF13
Q66K64,DCAF15
Q9NXF7,DCAF16
Q5H9S7,DCAF17
Q8WV16,DCAF4
Q3SXM0,DCAF4L1
Q8NA75,DCAF4L2
Q96JK2,DCAF5
Q58WW2,DCAF6
P61962,DCAF7
Q5TAQ9,DCAF8
A6NGE4,DCAF8L1
P0C7V8,DCAF8L2
Q8WVC6,DCAKD
Q8TF63,DCANP1
Q8N8Z6,DCBLD1
Q96PD2,DCBLD2
P43146,DCC
P81605,DCD
M0R2J8,DCDC1
Q9UHG0,DCDC2
A2VCK2,DCDC2B
A8MYV0,DCDC2C
Q96JQ0,DCHS1
Q6V1P9,DCHS2
P27707,DCK
O15075,DCLK1
Q8N568,DCLK2
Q9C098,DCLK3
Q6PJP8,DCLRE1A
Q9H816,DCLRE1B
Q96SD1,DCLRE1C
P07585,DCN
Q9NPI6,DCP1A
Q8IZD4,DCP1B
Q8IU60,DCP2
Q96C86,DCPS
Q5T197,DCST1
Q5T1A1,DCST2
Q9H295,DCSTAMP
P40126,DCT
P32321,DCTD
Q14203,DCTN1
Q13561,DCTN2
O75935,DCTN3
Q9UJW0,DCTN4
Q9BTE1,DCTN5
O00399,DCTN6
Q9H773,DCTPP1
Q96GG9,DCUN1D1
Q6PH85,DCUN1D2
Q8IWE4,DCUN1D3
Q92564,DCUN1D4
Q9BTE7,DCUN1D5
O43602,DCX
Q7Z4W1,DCXR
Q9BW61,DDA1
O94760,DDAH1
O95865,DDAH2
Q16531,DDB1
Q92466,DDB2
P20711,DDC
Q8NEL9,DDHD1
O94830,DDHD2
Q8WTU0,DDI1
Q5TDH0,DDI2
Q8IXT1,DDIAS
P35638,DDIT3
P0DPQ6,DDIT3
Q9NX09,DDIT4
Q96D03,DDIT4L
O94850,DDN
Q99489,DDO
P39656,DDOST
Q08345,DDR1
Q16832,DDR2
Q96HY6,DDRGK1
P30046,DDT
A6NHG4,DDTL
Q92499,DDX1
Q13206,DDX10
Q96FC9,DDX11
A8MPP1,DDX11L8
Q92771,DDX12P
Q92841,DDX17
Q9NVP1,DDX18
Q9NUU7,DDX19A
Q9UMR2,DDX19B
Q9UHI6,DDX20
Q9NR30,DDX21
Q9BUQ8,DDX23
Q9GZR7,DDX24
Q9UHL0,DDX25
Q96GQ7,DDX27
Q9NUL7,DDX28
Q9H8H2,DDX31
O00148,DDX39A
Q13838,DDX39B
O00571,DDX3X
O15523,DDX3Y
Q9NQI0,DDX4
Q9UJV9,DDX41
Q86XP3,DDX42
Q9NXZ2,DDX43
Q7L014,DDX46
Q9H0S4,DDX47
Q9Y6V7,DDX49
P17844,DDX5
Q9BQ39,DDX50
Q8N8A6,DDX51
Q9Y2R4,DDX52
Q86TM3,DDX53
Q8TDD1,DDX54
Q8NHQ9,DDX55
Q9NY93,DDX56
O95786,DDX58
Q5T1V6,DDX59
P26196,DDX6
Q8IY21,DDX60
Q5H9U9,DDX60L
O75398,DEAF1
Q16698,DECR1
Q9NUI1,DECR2
O75618,DEDD
Q8WXF8,DEDD2
Q9H4E7,DEF6
Q6ZN54,DEF8
P59665,DEFA1
P59666,DEFA3
P12838,DEFA4
Q01523,DEFA5
Q01524,DEFA6
P60022,DEFB1
P81534,DEFB103A
Q8WTQ1,DEFB104A
Q8NG35,DEFB105A
Q8N104,DEFB106A
Q8IZN7,DEFB107A
A8MXU0,DEFB108A
Q8NET1,DEFB108B
Q30KR1,DEFB109B
Q30KQ9,DEFB110
Q30KQ8,DEFB112
Q30KQ7,DEFB113
Q30KQ6,DEFB114
Q30KQ5,DEFB115
Q30KQ4,DEFB116
Q96PH6,DEFB118
Q8N690,DEFB119
Q5J5C9,DEFB121
Q8N688,DEFB123
Q8NES8,DEFB124
Q8N687,DEFB125
Q9BYW3,DEFB126
Q9H1M4,DEFB127
Q7Z7B8,DEFB128
Q9H1M3,DEFB129
P0DP74,DEFB130A
P0DP73,DEFB130B
P59861,DEFB131A
A0A096LNP1,DEFB131B
Q7Z7B7,DEFB132
Q30KQ1,DEFB133
Q4QY38,DEFB134
Q30KP9,DEFB135
Q30KP8,DEFB136
O15263,DEFB4A
O15121,DEGS1
Q6QHC5,DEGS2
P35659,DEK
Q14154,DELE1
Q9P2X7,DELEC1
Q8TCE6,DENND10
Q6NSW5,DENND10P1
A4D1U4,DENND11
Q8TEH3,DENND1A
Q6P3S1,DENND1B
Q8IV53,DENND1C
Q9ULE3,DENND2A
P78524,DENND2B
Q68D51,DENND2C
Q9H6A0,DENND2D
A2RUS2,DENND3
Q7Z401,DENND4A
O75064,DENND4B
Q5VZ89,DENND4C
Q6IQ26,DENND5A
Q6ZUT9,DENND5B
Q8IWF6,DENND6A
Q8NEG7,DENND6B
O43583,DENR
Q5TB30,DEPDC1
Q8WUY9,DEPDC1B
Q8N2C3,DEPDC4
O75140,DEPDC5
Q96QD5,DEPDC7
Q9NTK1,DEPP1
Q8TB45,DEPTOR
Q9Y315,DERA
Q9BUN8,DERL1
Q9GZP9,DERL2
Q96Q80,DERL3
P0CG12,DERPC
P17661,DES
Q6ICB0,DESI1
Q9BSY9,DESI2
Q7L5Y6,DET1
Q05D60,DEUP1
O95424,DEXI
O00273,DFFA
O76075,DFFB
O75907,DGAT1
Q96PD7,DGAT2
Q6ZPD8,DGAT2L6
Q6IED9,DGAT2L7P
P98153,DGCR2
Q14129,DGCR6
Q9BY27,DGCR6L
Q8WYQ5,DGCR8
P23743,DGKA
Q9Y6T7,DGKB
Q16760,DGKD
P52429,DGKE
P49619,DGKG
Q86XP1,DGKH
O75912,DGKI
Q5KSL6,DGKK
P52824,DGKQ
Q13574,DGKZ
Q7Z3D6,DGLUCY
Q16854,DGUOK
Q15392,DHCR24
Q9UBM7,DHCR7
Q86SQ9,DHDDS
Q9UQ10,DHDH
P00374,DHFR
Q86XF0,DHFR2
O43323,DHH
Q02127,DHODH
P49366,DHPS
Q96LJ7,DHRS1
Q6UWP2,DHRS11
A0PJE2,DHRS12
Q6UX07,DHRS13
Q13268,DHRS2
O75911,DHRS3
Q9BTZ2,DHRS4
Q9P1J3,DHRS4-AS1
P0CG22,DHRS4L1
Q6PKH6,DHRS4L2
Q9Y394,DHRS7
Q6IAN0,DHRS7B
A6NNS2,DHRS7C
Q9BPW9,DHRS9
Q8N5I4,DHRSX
Q96HY7,DHTKD1
O43143,DHX15
O60231,DHX16
Q7Z478,DHX29
Q7L2E3,DHX30
Q7L7V1,DHX32
Q9H6R0,DHX33
Q14147,DHX34
Q9H5Z1,DHX35
Q9H2U1,DHX36
Q8IY37,DHX37
Q92620,DHX38
Q8IX18,DHX40
Q6P158,DHX57
Q96C10,DHX58
Q14562,DHX8
Q08211,DHX9
Q9NR28,DIABLO
O60610,DIAPH1
O60879,DIAPH2
Q14236,DIAPH2-AS1
Q9NSV4,DIAPH3
Q9UPY3,DICER1
Q9BTC0,DIDO1
Q68CQ4,DIEXF
Q9UNQ2,DIMT1
P49895,DIO1
Q92813,DIO2
P55073,DIO3
Q14689,DIP2A
Q9P265,DIP2B
Q9Y2E4,DIP2C
Q5T7M9,DIPK1A
Q5VUD6,DIPK1B
Q0P6D2,DIPK1C
Q8NDZ4,DIPK2A
Q9H7Y0,DIPK2B
O95057,DIRAS1
Q96HU8,DIRAS2
O95661,DIRAS3
Q969H9,DIRC1
Q9Y2L1,DIS3
Q8TF46,DIS3L
Q8IYB7,DIS3L2
Q9NRI5,DISC1
Q96F81,DISP1
A7MBM2,DISP2
Q9P2K9,DISP3
Q155Q3,DIXDC1
O60832,DKC1
O94907,DKK1
Q9UBU2,DKK2
Q9UBP4,DKK3
Q9UBT3,DKK4
Q9UK85,DKKL1
P10515,DLAT
Q96QB1,DLC1
P09622,DLD
Q9Y238,DLEC1
O43261,DLEU1
Q6UYE1,DLEU7
Q12959,DLG1
Q15700,DLG2
Q92796,DLG3
P78352,DLG4
Q8TDM6,DLG5
O14490,DLGAP1
Q9P1A6,DLGAP2
O95886,DLGAP3
Q9Y2H0,DLGAP4
Q15398,DLGAP5
P80370,DLK1
Q6UY11,DLK2
O00548,DLL1
Q9NYJ7,DLL3
Q9NR61,DLL4
P36957,DLST
P56177,DLX1
Q07687,DLX2
O60479,DLX3
Q92988,DLX4
P56178,DLX5
P56179,DLX6
Q96GE9,DMAC1
Q9NW81,DMAC2
Q99766,DMAC2L
Q9NPF5,DMAP1
Q9UGM3,DMBT1
Q8NFW5,DMBX1
Q14565,DMC1
P11532,DMD
Q9UI17,DMGDH
Q6E0U4,DMKN
Q13316,DMP1
Q09013,DMPK
Q9Y5R6,DMRT1
Q9Y5R5,DMRT2
Q9NQL9,DMRT3
Q5VZB9,DMRTA1
Q96SC8,DMRTA2
Q96MA1,DMRTB1
Q5HYR2,DMRTC1;
Q8IXT2,DMRTC2
Q9Y222,DMTF1
Q08495,DMTN
Q09019,DMWD
Q9Y485,DMXL1
Q8TDJ6,DMXL2
P51530,DNA2
Q8NEP3,DNAAF1
Q9NVR5,DNAAF2
Q8N9W5,DNAAF3
Q8WXU2,DNAAF4
Q86Y56,DNAAF5
Q9P2D7,DNAH1
Q8IVF4,DNAH10
P0CZ25,DNAH10OS
Q96DT5,DNAH11
Q6ZR08,DNAH12
Q0VDD8,DNAH14
Q9UFH2,DNAH17
Q9P225,DNAH2
Q8TD57,DNAH3
Q8TE73,DNAH5
Q9C0G6,DNAH6
Q8WXX0,DNAH7
Q96JB1,DNAH8
Q9NYC9,DNAH9
Q9UI46,DNAI1
Q9GZS0,DNAI2
P31689,DNAJA1
O60884,DNAJA2
Q96EY1,DNAJA3
Q8WW22,DNAJA4
P25685,DNAJB1
Q9UBS4,DNAJB11
Q9NXW2,DNAJB12
P59910,DNAJB13
Q8TBM8,DNAJB14
P25686,DNAJB2
Q8WWF6,DNAJB3
Q9UDY4,DNAJB4
O75953,DNAJB5
O75190,DNAJB6
Q7Z6W7,DNAJB7
Q8NHS0,DNAJB8
Q9UBS3,DNAJB9
Q96KC8,DNAJC1
Q8IXB1,DNAJC10
Q9NVH1,DNAJC11
Q9UKB3,DNAJC12
O75165,DNAJC13
Q6Y2X3,DNAJC14
Q9Y5T4,DNAJC15
Q9Y2G8,DNAJC16
Q9NVM6,DNAJC17
Q9H819,DNAJC18
Q96DA6,DNAJC19
Q99543,DNAJC2
Q5F1R6,DNAJC21
Q8N4W6,DNAJC22
Q6P3W2,DNAJC24
Q9H1X3,DNAJC25
Q9NZQ0,DNAJC27
Q9NX36,DNAJC28
Q13217,DNAJC3
Q96LL9,DNAJC30
Q9NNZ3,DNAJC4
Q9H3Z4,DNAJC5
Q9UF47,DNAJC5B
Q8N7S2,DNAJC5G
O75061,DNAJC6
Q99615,DNAJC7
O75937,DNAJC8
Q8WXX5,DNAJC9
A6NH13,DNAJC9-AS1
Q4LDG9,DNAL1
O96015,DNAL4
O14645,DNALI1
P24855,DNASE1
P49184,DNASE1L1
Q92874,DNASE1L2
Q13609,DNASE1L3
O00115,DNASE2
Q8WZ79,DNASE2B
Q8IYX4,DND1
Q8NFT8,DNER
Q96M86,DNHD1
Q5SXM8,DNLZ
Q05193,DNM1
O00429,DNM1L
Q6PK57,DNM1P34
Q6ZS02,DNM1P46
P50570,DNM2
Q9UQ16,DNM3
Q6XZF7,DNMBP
P26358,DNMT1
Q9Y6K1,DNMT3A
Q9UBC3,DNMT3B
Q9UJW3,DNMT3L
Q9ULA0,DNPEP
O43598,DNPH1
P04053,DNTT
Q9H147,DNTTIP1
Q5QJE6,DNTTIP2
Q14183,DOC2A
Q14184,DOC2B
Q14185,DOCK1
Q96BY6,DOCK10
Q5JSL3,DOCK11
Q92608,DOCK2
Q8IZD9,DOCK3
Q8N1I0,DOCK4
Q9H7D0,DOCK5
Q96HP0,DOCK6
Q96N67,DOCK7
Q8NF50,DOCK8
Q9BZ29,DOCK9
Q9BU89,DOHH
Q99704,DOK1
O60496,DOK2
Q7L591,DOK3
Q8TEW6,DOK4
Q9P104,DOK5
Q6PKX4,DOK6
Q18PE1,DOK7
Q9UPQ8,DOLK
Q86YN1,DOLPP1
Q9NYP3,DONSON
Q5JWR5,DOP1A
Q9Y3R5,DOP1B
Q8TEK3,DOT1L
Q9H3H5,DPAGT1
Q9BVM2,DPCD
P16444,DPEP1
Q9H4A9,DPEP2
A0A0U1RQF7,DPEP2NB
Q9H4B8,DPEP3
Q92782,DPF1
Q92785,DPF2
Q92784,DPF3
Q9BZG8,DPH1
Q9BQC3,DPH2
Q96FX2,DPH3
Q9H4G8,DPH3P1
Q9H2P9,DPH5
Q7L8W6,DPH6
Q9BTV6,DPH7
O60762,DPM1
O94777,DPM2
Q9P2X0,DPM3
Q8N608,DPP10
Q9NY33,DPP3
P27487,DPP4
P42658,DPP6
Q9UHL4,DPP7
Q6V1X1,DPP8
Q86TI2,DPP9
Q7Z7J5,DPPA2
Q6W0C5,DPPA3
Q7L190,DPPA4
A6NC42,DPPA5
A6NFQ7,DPRX
Q07507,DPT
Q2PZI1,DPY19L1
Q6NUT2,DPY19L2
Q6NXN4,DPY19L2P1
Q6ZN68,DPY19L2P2
Q6ZPD9,DPY19L3
Q7Z388,DPY19L4
Q9C005,DPY30
Q12882,DPYD
Q14117,DPYS
Q16555,DPYSL2
Q14195,DPYSL3
O14531,DPYSL4
Q9BPU6,DPYSL5
Q8TE96,DQX1
Q01658,DR1
Q8N682,DRAM1
Q6UX65,DRAM2
Q14919,DRAP1
Q8NBI3,DRAXIN
Q96MC2,DRC1
Q9H069,DRC3
Q8IY82,DRC7
P21728,DRD1
P14416,DRD2
P35462,DRD3
P21917,DRD4
P21918,DRD5
Q9Y295,DRG1
P55039,DRG2
A6NNA5,DRGX
Q6PGQ1,DRICH1
Q9NRR4,DROSHA
Q13474,DRP2
Q08554,DSC1
Q02487,DSC2
Q14574,DSC3
O60469,DSCAM
Q8TD84,DSCAML1
Q9BVC3,DSCC1
P59022,DSCR10
P56555,DSCR4
Q96T75,DSCR8
P59020,DSCR9
Q9UL01,DSE
Q8IZU8,DSEL
Q02413,DSG1
Q14126,DSG2
P32926,DSG3
Q86SJ6,DSG4
Q9H410,DSN1
P15924,DSP
Q9NZW4,DSPP
Q03001,DST
P60981,DSTN
Q6XUX3,DSTYK
Q8TEA8,DTD1
Q96FN9,DTD2
Q6ZMT9,DTHD1
Q9NZJ0,DTL
Q9Y4J8,DTNA
O60941,DTNB
Q96EV8,DTNBP1
Q8N5C7,DTWD1
Q8NBA8,DTWD2
Q86Y01,DTX1
Q86UW9,DTX2
Q8N9I9,DTX3
Q8TDB6,DTX3L
Q9Y2E6,DTX4
P23919,DTYMK
Q9NRD9,DUOX1
Q9NRD8,DUOX2
Q1HG43,DUOXA1
Q1HG44,DUOXA2
Q68J44,DUPD1
Q6P1R4,DUS1L
Q9NX74,DUS2
Q96G46,DUS3L
O95620,DUS4L
P28562,DUSP1
Q9Y6W6,DUSP10
O75319,DUSP11
Q9UNI6,DUSP12
Q9UII6,DUSP13
Q6B8I1,DUSP13
O95147,DUSP14
Q9H1R2,DUSP15
Q9BY84,DUSP16
Q8NEJ0,DUSP18
Q8WTR2,DUSP19
Q05923,DUSP2
Q9H596,DUSP21
Q9NRW4,DUSP22
Q9BVJ7,DUSP23
Q9BV47,DUSP26
Q5VZP5,DUSP27
Q4G0W2,DUSP28
P51452,DUSP3
Q13115,DUSP4
Q16690,DUSP5
Q16828,DUSP6
Q16829,DUSP7
Q13202,DUSP8
Q99956,DUSP9
P33316,DUT
O43812,DUX1
Q96PT4,DUX3
Q9UBX2,DUX4
P0CJ85,DUX4L2
P0CJ86,DUX4L3
P0CJ87,DUX4L4
P0CJ88,DUX4L5
P0CJ89,DUX4L6
P0CJ90,DUX4L7
Q6RFH8,DUX4L9
Q96PT3,DUX5
A6NLW8,DUXA
A0A1W2PPF3,DUXB
O14640,DVL1
P54792,DVL1P1
O14641,DVL2
Q92997,DVL3
O77932,DXO
Q8WWB3,DYDC1
Q96IM9,DYDC2
Q7RTS9,DYM
Q8N1N2,DYNAP
Q14204,DYNC1H1
O14576,DYNC1I1
Q13409,DYNC1I2
Q9Y6G9,DYNC1LI1
O43237,DYNC1LI2
Q8NCM8,DYNC2H1
Q8TCX1,DYNC2LI1
P63167,DYNLL1
Q96FJ2,DYNLL2
Q9NP97,DYNLRB1
Q8TF09,DYNLRB2
P63172,DYNLT1
P51808,DYNLT3
Q13627,DYRK1A
Q9Y463,DYRK1B
Q92630,DYRK2
O43781,DYRK3
Q9NR20,DYRK4
O75923,DYSF
A2CJ06,DYTN
Q9NVP4,DZANK1
Q86YF9,DZIP1
Q8IYY4,DZIP1L
Q86Y13,DZIP3
Q01094,E2F1
Q14209,E2F2
O00716,E2F3
Q16254,E2F4
Q15329,E2F5
O75461,E2F6
Q96AV8,E2F7
A0AVK6,E2F8
Q66K89,E4F1
Q96JC9,EAF1
Q96CJ1,EAF2
Q56P03,EAPP
Q5JPH6,EARS2
O00559,EBAG9
Q9UH73,EBF1
Q9HAK2,EBF2
Q9H4W6,EBF3
Q9BQW3,EBF4
Q14213,EBI3
P0CF75,EBLN1
Q6P2I7,EBLN2
Q99848,EBNA1BP2
Q15125,EBP
Q9BY08,EBPL
O95905,ECD
P42892,ECE1
P0DPD6,ECE2
O95672,ECEL1
Q13011,ECH1
Q9NTX5,ECHDC1
Q86YB7,ECHDC2
Q96DC8,ECHDC3
P30084,ECHS1
P42126,ECI1
O75521,ECI2
Q16610,ECM1
O94769,ECM2
Q5VYK3,ECPAS
Q9H1Z8,ECRG4
Q19T08,ECSCR
Q9BQ95,ECSIT
Q9H8V3,ECT2
Q008S8,ECT2L
Q92838,EDA
Q9HAV5,EDA2R
Q9UNE0,EDAR
Q8WWZ3,EDARADD
Q96F86,EDC3
Q6P2E9,EDC4
A0A1B0GTR0,EDDM13
Q14507,EDDM3A
P56851,EDDM3B
Q92611,EDEM1
Q9BV94,EDEM2
Q9BZQ6,EDEM3
O60869,EDF1
O43854,EDIL3
P05305,EDN1
P20800,EDN2
P14138,EDN3
P25101,EDNRA
P24530,EDNRB
Q3B7T1,EDRF1
Q15075,EEA1
O75530,EED
P68104,EEF1A1
Q5VTE0,EEF1A1P5
Q05639,EEF1A2
Q8WVE0,EEF1AKMT1
Q5JPI9,EEF1AKMT2
Q96AZ1,EEF1AKMT3
P0DPD7,EEF1AKMT4
P0DPD8,EEF1AKMT4-ECE2
Q8N6R0,EEF1AKNMT
P24534,EEF1B2
P29692,EEF1D
Q658K8,EEF1DP3
O43324,EEF1E1
P26641,EEF1G
P13639,EEF2
O00418,EEF2K
Q96G04,EEF2KMT
P57772,EEFSEC
Q7L9B9,EEPD1
Q9HAE3,EFCAB1
A6NFE3,EFCAB10
Q9BUY7,EFCAB11
Q6NXP0,EFCAB12
Q8IY85,EFCAB13
O75071,EFCAB14
Q5VUJ9,EFCAB2
Q8N7B9,EFCAB3
A4FU69,EFCAB5
Q5THR3,EFCAB6
A8K855,EFCAB7
A8MWE9,EFCAB8
A8MZ26,EFCAB9
Q9HA90,EFCC1
Q12805,EFEMP1
O95967,EFEMP2
Q8N7U6,EFHB
Q5JVL4,EFHC1
Q5JST6,EFHC2
Q9BUP0,EFHD1
Q96C19,EFHD2
Q7Z2Z2,EFL1
P20827,EFNA1
O43921,EFNA2
P52797,EFNA3
P52798,EFNA4
P52803,EFNA5
P98172,EFNB1
P52799,EFNB2
Q15768,EFNB3
Q14156,EFR3A
Q9Y2G0,EFR3B
O43281,EFS
Q15029,EFTUD2
P01133,EGF
Q0D2K5,EGFEM1P
Q8IUX8,EGFL6
Q9UHF1,EGFL7
Q99944,EGFL8
Q63HQ2,EGFLAM
P00533,EGFR
Q9GZT9,EGLN1
Q96KS0,EGLN2
Q9H6Z9,EGLN3
P18146,EGR1
P11161,EGR2
Q06889,EGR3
Q05215,EGR4
Q8NDI1,EHBP1
Q8N3D4,EHBP1L1
Q9H4M9,EHD1
Q9NZN4,EHD2
Q9NZN3,EHD3
Q9H223,EHD4
Q9NZC4,EHF
Q08426,EHHADH
Q9H9B1,EHMT1
Q96KQ7,EHMT2
O14681,EI24
Q9Y6B2,EID1
Q8N6I1,EID2
Q96D98,EID2B
Q8N140,EID3
P41567,EIF1
Q8N9N8,EIF1AD
P47813,EIF1AX
O14602,EIF1AY
O60739,EIF1B
Q9BY44,EIF2A
Q9BQI3,EIF2AK1
P19525,EIF2AK2
Q9NZJ5,EIF2AK3
Q9P2K8,EIF2AK4
Q14232,EIF2B1
P49770,EIF2B2
Q9NR50,EIF2B3
Q9UI10,EIF2B4
Q13144,EIF2B5
P41214,EIF2D
P05198,EIF2S1
P20042,EIF2S2
P41091,EIF2S3
Q2VIR3,EIF2S3B
Q14152,EIF3A
P55884,EIF3B
Q99613,EIF3C
B5ME19,EIF3CL
